panel/V3_hard_heavy/time_to_lap_s,panel/V5_wet_wets/laps,panel/V1_benign/time_to_lap_s,panel/V4_damp_inters/progress_m,panel/V4_damp_inters/time_to_lap_s,curriculum/steps_in_stage,panel/V3_hard_heavy/progress_m,panel/V2_soft_light/progress_m,panel/V4_damp_inters/laps,panel/V5_wet_wets/time_to_lap_s,panel/V1_benign/laps,panel/V3_hard_heavy/laps,panel/V2_soft_light/laps,panel/V5_wet_wets/progress_m,curriculum/stage_idx,panel/V2_soft_light/time_to_lap_s,panel/V1_benign/progress_m,time/time_elapsed,time/fps,train/n_updates,rollout/ep_len_mean,train/actor_loss,train/ent_coef_loss,rollout/ep_rew_mean,train/learning_rate,train/critic_loss,time/episodes,train/ent_coef,time/total_timesteps
300.0,0,300.0,610.1460941609871,300.0,25000,91.24227993754994,218.45877257112897,0,300.0,0,0,0,94.26500768632998,3,300.0,690.796894641534,,,,,,,,,,,,
,,,,,,,,,,,,,,,,,1,8,1165011,28.1,-197.9254150390625,0.4768851399421692,-6.465319559999999,0.0003,320.3121032714844,7504,0.18090860545635223,1175012
,,,,,,,,,,,,,,,,,3,41,1165153,28.05,-154.96168518066406,0.13129955530166626,-6.382384399999999,0.0003,5070.35791015625,7508,0.18054509162902832,1175154
,,,,,,,,,,,,,,,,,5,49,1165263,28.52,-232.72250366210938,-0.334242582321167,-3.5767880100000013,0.0003,4353.966796875,7512,0.18121221661567688,1175264
,,,,,,,,,,,,,,,,,13,57,1165754,31.36,-205.73849487304688,1.6058382987976074,6.884114809999999,0.0003,838.251708984375,7516,0.17491015791893005,1175755
,,,,,,,,,,,,,,,,,13,58,1165809,31.09,-175.95660400390625,-0.05606728792190552,6.519936489999997,0.0003,233.51658630371094,7520,0.17541010677814484,1175810
,,,,,,,,,,,,,,,,,16,58,1165946,31.67,-191.06097412109375,-0.23373880982398987,9.627975679999997,0.0003,426.0438232421875,7524,0.17528614401817322,1175947
,,,,,,,,,,,,,,,,,17,58,1166047,32.05,-177.4652099609375,-1.020707130432129,9.760789889999996,0.0003,421.60687255859375,7528,0.1756313294172287,1176048
,,,,,,,,,,,,,,,,,19,59,1166180,31.81,-211.02102661132812,-0.4673343300819397,8.412227489999996,0.0003,903.285888671875,7532,0.17786340415477753,1176181
,,,,,,,,,,,,,,,,,20,59,1166234,30.57,-221.09437561035156,0.08827030658721924,3.2350180699999975,0.0003,906.8827514648438,7536,0.17750060558319092,1176235
,,,,,,,,,,,,,,,,,21,59,1166311,30.56,-214.78472900390625,-1.0462783575057983,3.7594045200000012,0.0003,575.4610595703125,7540,0.17557713389396667,1176312
,,,,,,,,,,,,,,,,,23,60,1166399,30.77,-191.8876495361328,-0.4385945498943329,4.21177834,0.0003,229.0513153076172,7544,0.17257563769817352,1176400
,,,,,,,,,,,,,,,,,26,60,1166592,31.61,-169.15089416503906,-0.010495543479919434,3.4941987100000005,0.0003,312.16326904296875,7548,0.16937530040740967,1176593
,,,,,,,,,,,,,,,,,27,61,1166674,29.48,-194.7730712890625,-0.9467266798019409,-6.669226039999997,0.0003,247.6240234375,7552,0.16961713135242462,1176675
,,,,,,,,,,,,,,,,,28,61,1166773,29.61,-165.18028259277344,0.1525641232728958,-7.071742949999999,0.0003,465.4813537597656,7556,0.16831091046333313,1176774
,,,,,,,,,,,,,,,,,30,61,1166905,29.52,-197.67758178710938,-0.0037277787923812866,-6.929317939999999,0.0003,303.77581787109375,7560,0.16920457780361176,1176906
,,,,,,,,,,,,,,,,,34,62,1167136,31.22,-223.44705200195312,0.7024047374725342,-4.44258563,0.0003,415.8829345703125,7564,0.17626461386680603,1177137
,,,,,,,,,,,,,,,,,45,63,1167907,37.55,-220.27386474609375,2.219909906387329,11.13593285,0.0003,574.3849487304688,7568,0.1775621920824051,1177908
,,,,,,,,,,,,,,,,,47,63,1167989,37.79,-257.2130126953125,0.4796433448791504,11.664421450000003,0.0003,1137.029296875,7572,0.17721599340438843,1177990
,,,,,,,,,,,,,,,,,48,63,1168109,37.97,-199.25502014160156,0.21591970324516296,12.63988454,0.0003,2205.771240234375,7576,0.17768390476703644,1178110
,,,,,,,,,,,,,,,,,53,64,1168394,39.29,-216.4085693359375,-0.3543197810649872,18.2043532,0.0003,538.6531982421875,7580,0.17985932528972626,1178395
,,,,,,,,,,,,,,,,,54,64,1168466,39.25,-219.32110595703125,-0.621025025844574,17.559193970000003,0.0003,309.6536865234375,7584,0.17925654351711273,1178467
,,,,,,,,,,,,,,,,,55,64,1168571,39.66,-241.15948486328125,-0.2561594247817993,17.01202759,0.0003,416.6197509765625,7588,0.1800999492406845,1178572
,,,,,,,,,,,,,,,,,58,64,1168740,40.56,-192.34527587890625,0.10983291268348694,22.53432385,0.0003,579.6220703125,7592,0.17809532582759857,1178741
,,,,,,,,,,,,,,,,,60,64,1168883,41.27,-206.4793243408203,-0.664842963218689,22.91723253,0.0003,2372.125,7596,0.17660380899906158,1178884
,,,,,,,,,,,,,,,,,63,64,1169057,41.37,-214.54412841796875,0.046902358531951904,23.316706000000003,0.0003,3154.71826171875,7600,0.1741103082895279,1179058
,,,,,,,,,,,,,,,,,66,64,1169241,42.3,-182.14859008789062,0.6394690275192261,24.65243484,0.0003,936.0330810546875,7604,0.174509659409523,1179242
,,,,,,,,,,,,,,,,,78,64,1170099,49.46,-223.96527099609375,0.492895245552063,31.772260870000004,0.0003,288.0638427734375,7608,0.17472019791603088,1180100
,,,,,,,,,,,,,,,,,80,64,1170188,49.25,-257.3349609375,0.35262683033943176,30.693325849999997,0.0003,395.0594787597656,7612,0.17574045062065125,1180189
,,,,,,,,,,,,,,,,,86,64,1170636,48.82,-227.74990844726562,0.32482433319091797,30.740419009999997,0.0003,309.595703125,7616,0.1799124926328659,1180637
,,,,,,,,,,,,,,,,,92,65,1171033,52.24,-206.4287567138672,0.2136995643377304,38.182022679999996,0.0003,374.264892578125,7620,0.18147467076778412,1181034
,,,,,,,,,,,,,,,,,99,65,1171520,55.74,-200.67051696777344,1.1029154062271118,46.02877773,0.0003,471.64691162109375,7624,0.17705176770687103,1181521
,,,,,,,,,,,,,,,,,101,65,1171623,55.76,-191.0254669189453,-0.07074586302042007,47.398561,0.0003,439.2078857421875,7628,0.17819535732269287,1181624
,,,,,,,,,,,,,,,,,101,65,1171669,54.89,-204.3404541015625,1.0190706253051758,44.25237155,0.0003,258.23101806640625,7632,0.17988120019435883,1181670
,,,,,,,,,,,,,,,,,103,65,1171785,55.51,-227.4644012451172,-0.46031343936920166,43.95095737,0.0003,362.6979064941406,7636,0.17754586040973663,1181786
,,,,,,,,,,,,,,,,,107,65,1172027,57.16,-235.02841186523438,-0.46304434537887573,44.15114793,0.0003,1310.3829345703125,7640,0.17740073800086975,1182028
,,,,,,,,,,,,,,,,,109,65,1172185,57.86,-249.7482452392578,-0.30559319257736206,47.909636340000006,0.0003,328.2689208984375,7644,0.17687980830669403,1182186
,,,,,,,,,,,,,,,,,112,65,1172377,57.85,-200.48602294921875,-0.3619421124458313,49.14173926,0.0003,450.59820556640625,7648,0.17531649768352509,1182378
,,,,,,,,,,,,,,,,,116,65,1172681,60.07,-194.82601928710938,-0.27272355556488037,53.13429707999999,0.0003,414.5428771972656,7652,0.17326372861862183,1182682
,,,,,,,,,,,,,,,,,119,66,1172874,61.01,-237.3981475830078,0.27165430784225464,57.207474379999994,0.0003,373.5015563964844,7656,0.1756620854139328,1182875
,,,,,,,,,,,,,,,,,122,66,1173115,62.1,-265.3753662109375,-0.1414659321308136,62.90147924000001,0.0003,752.6058349609375,7660,0.17892296612262726,1183116
,,,,,,,,,,,,,,,,,124,66,1173210,60.74,-234.84622192382812,-0.08299838751554489,61.36257047,0.0003,533.4677734375,7664,0.17816191911697388,1183211
,,,,,,,,,,,,,,,,,127,66,1173449,55.42,-217.01080322265625,-0.2629197835922241,51.92023725999999,0.0003,392.9208068847656,7668,0.17767420411109924,1183450
,,,,,,,,,,,,,,,,,129,66,1173590,56.01,-238.0633544921875,-0.509360134601593,55.43868667000001,0.0003,321.76812744140625,7672,0.17559576034545898,1183591
,,,,,,,,,,,,,,,,,136,66,1174050,59.41,-204.74005126953125,-0.0074117183685302734,60.975192879999994,0.0003,280.5525207519531,7676,0.17940649390220642,1184051
,,,,,,,,,,,,,,,,,142,66,1174417,60.23,-215.9346160888672,-0.7636507153511047,67.70733996999999,0.0003,380.67578125,7680,0.17340187728405,1184418
,,,,,,,,,,,,,,,,,145,66,1174654,61.88,-209.50135803222656,1.0534578561782837,71.74551786,0.0003,505.57110595703125,7684,0.17474274337291718,1184655
,,,,,,,,,,,,,,,,,150,66,1174981,64.1,-220.18255615234375,0.05804431438446045,76.59089003,0.0003,308.287841796875,7688,0.17141419649124146,1184982
,,,,,,,,,,,,,,,,,155,66,1175301,65.61,-220.95010375976562,0.5635643601417542,80.79991908000002,0.0003,789.7760620117188,7692,0.17181040346622467,1185302
,,,,,,,,,,,,,,,,,157,66,1175426,65.43,-264.734375,0.26579445600509644,80.42070606,0.0003,296.9351806640625,7696,0.1723053902387619,1185427
,,,,,,,,,,,,,,,,,161,66,1175661,66.04,-255.65020751953125,-1.262314796447754,77.04666028,0.0003,1410.914794921875,7700,0.17688579857349396,1185662
,,,,,,,,,,,,,,,,,162,66,1175723,64.82,-220.72715759277344,-0.18559427559375763,75.25182561999999,0.0003,521.421142578125,7704,0.1765563189983368,1185724
,,,,,,,,,,,,,,,,,165,66,1175899,58.0,-278.70684814453125,0.6103715896606445,68.27663716,0.0003,343.76025390625,7708,0.17573219537734985,1185900
,,,,,,,,,,,,,,,,,171,65,1176277,60.89,-259.4949951171875,-0.6688005924224854,81.32117859,0.0003,2417.818115234375,7712,0.1743365079164505,1186278
,,,,,,,,,,,,,,,,,172,65,1176365,57.29,-216.1849365234375,-0.4615234434604645,69.57083366,0.0003,203.20889282226562,7716,0.171870619058609,1186366
,,,,,,,,,,,,,,,,,173,65,1176427,53.94,-248.564208984375,0.31204935908317566,62.397908449999996,0.0003,9557.36328125,7720,0.1731773465871811,1186428
,,,,,,,,,,,,,,,,,176,65,1176609,50.89,-216.90045166015625,-0.640629231929779,53.3051599,0.0003,346.2445373535156,7724,0.17491312325000763,1186610
,,,,,,,,,,,,,,,,,179,65,1176775,51.52,-194.1600341796875,0.8646183013916016,52.8798088,0.0003,679.226318359375,7728,0.17463770508766174,1186776
,,,,,,,,,,,,,,,,,181,65,1176916,52.47,-264.15179443359375,0.8292733430862427,56.54559024,0.0003,309.2617492675781,7732,0.1757369190454483,1186917
,,,,,,,,,,,,,,,,,182,65,1177003,52.18,-264.26220703125,-0.5945935845375061,58.18429840000002,0.0003,291.3951110839844,7736,0.1787087768316269,1187004
,,,,,,,,,,,,,,,,,183,65,1177074,50.47,-255.57566833496094,0.6074216961860657,57.280408109999996,0.0003,429.65399169921875,7740,0.17837479710578918,1187075
,,,,,,,,,,,,,,,,,185,65,1177195,50.1,-268.47711181640625,-0.34190234541893005,53.801009240000006,0.0003,524.0956420898438,7744,0.17814072966575623,1187196
,,,,,,,,,,,,,,,,,193,65,1177757,53.8,-252.40576171875,1.45291006565094,62.215161050000006,0.0003,745.653564453125,7748,0.17577765882015228,1187758
,,,,,,,,,,,,,,,,,195,65,1177838,51.57,-257.5815734863281,-0.4614168405532837,58.684828499999995,0.0003,500.50799560546875,7752,0.17529647052288055,1187839
,,,,,,,,,,,,,,,,,197,65,1177971,50.97,-233.50344848632812,-0.37449121475219727,54.479243880000006,0.0003,304.6039123535156,7756,0.1716657429933548,1187972
,,,,,,,,,,,,,,,,,201,65,1178248,51.33,-224.87796020507812,-0.7267231345176697,51.01954345,0.0003,392.00360107421875,7760,0.1738826483488083,1188249
,,,,,,,,,,,,,,,,,202,65,1178298,50.88,-251.650634765625,0.8138769268989563,49.98090155,0.0003,1402.88037109375,7764,0.17457987368106842,1188299
,,,,,,,,,,,,,,,,,204,65,1178406,49.57,-234.75462341308594,-0.038833603262901306,41.68159352,0.0003,329.0036926269531,7768,0.17354397475719452,1188407
,,,,,,,,,,,,,,,,,212,65,1178943,53.53,-228.61831665039062,-0.7379216551780701,56.28990745000001,0.0003,646.3764038085938,7772,0.17487725615501404,1188944
,,,,,,,,,,,,,,,,,215,65,1179157,51.07,-258.10894775390625,-0.28685763478279114,53.71587006000001,0.0003,392.91058349609375,7776,0.17659732699394226,1189158
,,,,,,,,,,,,,,,,,217,65,1179273,48.56,-221.63320922851562,-0.1534995436668396,41.89084133,0.0003,305.3166198730469,7780,0.17406702041625977,1189274
,,,,,,,,,,,,,,,,,224,65,1179752,50.98,-230.71690368652344,-0.15664415061473846,52.091139569999996,0.0003,690.3209228515625,7784,0.1756085455417633,1189753
,,,,,,,,,,,,,,,,,227,65,1179902,49.21,-267.87255859375,0.2599495053291321,51.51043565999999,0.0003,355.4403076171875,7788,0.1793155074119568,1189903
,,,,,,,,,,,,,,,,,227,65,1179966,46.65,-241.46437072753906,0.31186243891716003,41.104384169999996,0.0003,837.2418823242188,7792,0.17872022092342377,1189967
,,,,,,,,,,,,,,,,,229,65,1180084,46.58,-237.59808349609375,-0.6137135624885559,41.10311448999999,0.0003,334.2380065917969,7796,0.1755475252866745,1190085
,,,,,,,,,,,,,,,,,235,65,1180450,47.89,-256.0514831542969,0.14784878492355347,54.94007414,0.0003,289.0213623046875,7800,0.17882008850574493,1190451
,,,,,,,,,,,,,,,,,236,65,1180524,48.01,-236.48672485351562,-0.08600211143493652,55.852667929999996,0.0003,349.2528991699219,7804,0.1800784021615982,1190525
,,,,,,,,,,,,,,,,,240,65,1180757,48.58,-263.9318542480469,0.9683351516723633,65.36379438,0.0003,372.07720947265625,7808,0.18054476380348206,1190758
,,,,,,,,,,,,,,,,,247,65,1181263,49.86,-234.78701782226562,-0.6721045970916748,59.80197531999999,0.0003,407.19525146484375,7812,0.18013262748718262,1191264
,,,,,,,,,,,,,,,,,253,65,1181618,52.53,-264.5408020019531,-0.5938549637794495,66.58420896999999,0.0003,297.21038818359375,7816,0.18192121386528015,1191619
,,,,,,,,,,,,,,,,,255,65,1181735,53.08,-237.10986328125,0.6634488105773926,66.48345945999999,0.0003,350.0570068359375,7820,0.17885030806064606,1191736
,,,,,,,,,,,,,,,,,258,65,1181948,53.39,-255.28662109375,-0.12009336054325104,64.32835045,0.0003,7444.14990234375,7824,0.17566493153572083,1191949
,,,,,,,,,,,,,,,,,261,65,1182128,53.53,-225.630126953125,0.5104255080223083,63.59068886,0.0003,1197.241455078125,7828,0.17555387318134308,1192129
,,,,,,,,,,,,,,,,,264,65,1182306,53.9,-278.3436279296875,-1.0190778970718384,63.30141235999999,0.0003,393.658447265625,7832,0.1764509528875351,1192307
,,,,,,,,,,,,,,,,,268,65,1182550,55.47,-214.1949462890625,-0.02729201316833496,69.82104989999999,0.0003,437.6051940917969,7836,0.17550842463970184,1192551
,,,,,,,,,,,,,,,,,271,65,1182763,56.89,-253.82968139648438,1.3303172588348389,74.01242212999999,0.0003,438.452392578125,7840,0.1825728565454483,1192764
,,,,,,,,,,,,,,,,,275,65,1183052,58.57,-226.42381286621094,-0.2635422945022583,82.00706419,0.0003,629.1552124023438,7844,0.18451064825057983,1193053
,,,,,,,,,,,,,,,,,277,65,1183162,54.05,-259.9620666503906,0.32784774899482727,71.40525747,0.0003,350.9211730957031,7848,0.18551267683506012,1193163
,,,,,,,,,,,,,,,,,279,65,1183267,54.29,-261.53515625,0.5477592349052429,72.38807249999999,0.0003,410.099853515625,7852,0.18710285425186157,1193268
,,,,,,,,,,,,,,,,,285,65,1183688,57.17,-229.05889892578125,-0.1809474229812622,79.38724609999998,0.0003,444.0954284667969,7856,0.18191705644130707,1193689
,,,,,,,,,,,,,,,,,289,65,1183932,56.84,-247.4256134033203,-0.5457946062088013,81.71425407,0.0003,569.1447143554688,7860,0.18115182220935822,1193933
,,,,,,,,,,,,,,,,,308,65,1185141,68.43,-271.6222839355469,0.4612998068332672,95.19178032000002,0.0003,505.10931396484375,7864,0.18857097625732422,1195142
,,,,,,,,,,,,,,,,,309,65,1185244,68.38,-237.61891174316406,0.028695911169052124,94.57555665,0.0003,1525.9501953125,7868,0.19195367395877838,1195245
,,,,,,,,,,,,,,,,,316,65,1185699,67.56,-285.6346130371094,-0.35870641469955444,80.70460242999998,0.0003,2829.9814453125,7872,0.19721968472003937,1195700
,,,,,,,,,,,,,,,,,321,65,1185965,68.08,-281.7861022949219,0.11106657981872559,74.22968168,0.0003,330.07025146484375,7876,0.1958431750535965,1195966
,,,,,,,,,,,,,,,,,331,65,1186593,73.2,-256.91094970703125,0.11655846238136292,84.62249598999999,0.0003,574.2258911132812,7880,0.190667986869812,1196594
,,,,,,,,,,,,,,,,,334,65,1186780,70.28,-284.0830993652344,0.37080806493759155,75.82820598999999,0.0003,703.6671142578125,7884,0.18941664695739746,1196781
,,,,,,,,,,,,,,,,,336,65,1186915,70.13,-268.3449401855469,0.5239707827568054,72.27294922999998,0.0003,629.87890625,7888,0.19382113218307495,1196916
,,,,,,,,,,,,,,,,,353,65,1188045,80.79,-263.6822204589844,0.22491112351417542,101.76550496999998,0.0003,416.65301513671875,7892,0.19023726880550385,1198046
,,,,,,,,,,,,,,,,,354,65,1188154,80.7,-296.22540283203125,0.20848114788532257,103.98059454999999,0.0003,514.2998046875,7896,0.19066280126571655,1198155
,,,,,,,,,,,,,,,,,360,65,1188518,80.68,-308.1296691894531,-0.04370354115962982,102.44976525000001,0.0003,459.1278991699219,7900,0.19264525175094604,1198519
,,,,,,,,,,,,,,,,,369,65,1189113,85.89,-299.1104736328125,-0.1766681969165802,113.05019601,0.0003,513.0635986328125,7904,0.19832058250904083,1199114
,,,,,,,,,,,,,,,,,371,65,1189220,84.63,-301.7484130859375,-0.357499361038208,101.33974434999999,0.0003,522.6491088867188,7908,0.19683706760406494,1199221
,,,,,,,,,,,,,,,,,374,65,1189429,81.66,-269.23382568359375,-0.09318429231643677,100.01460918000002,0.0003,717.104248046875,7912,0.197062686085701,1199430
,,,,,,,,,,,,,,,,,377,65,1189611,79.93,-270.12933349609375,-0.2231859564781189,95.19683820999997,0.0003,594.5101928710938,7916,0.19249384105205536,1199612
,,,,,,,,,,,,,,,,,381,65,1189942,82.07,-260.7208251953125,0.25435933470726013,101.83577698000003,0.0003,348.3395690917969,7920,0.18823695182800293,1199943
300.0,0,300.0,709.8347342450398,300.0,50000,92.78053832868409,288.91114977839817,0,300.0,0,0,0,63.24141895317704,3,300.0,1377.8382514183704,,,1190000,,-271.9283447265625,-0.6479677557945251,,0.0003,378.72760009765625,,0.18807363510131836,
,,,,,,,,,,,,,,,,,13,68,1190932,89.84,-240.079345703125,-0.043365880846977234,123.74385849999997,0.0003,722.6595458984375,7924,0.1896800994873047,1200933
,,,,,,,,,,,,,,,,,23,69,1191660,95.32,-309.9162292480469,-0.0996701568365097,151.37530772,0.0003,550.641845703125,7928,0.1925227791070938,1201661
,,,,,,,,,,,,,,,,,27,69,1191897,95.91,-306.43194580078125,0.8789785504341125,151.74509845,0.0003,3291.31640625,7932,0.19120724499225616,1201898
,,,,,,,,,,,,,,,,,30,69,1192101,95.51,-301.2513427734375,0.22922055423259735,145.97741328,0.0003,418.70037841796875,7936,0.19177396595478058,1202102
,,,,,,,,,,,,,,,,,32,69,1192231,94.68,-269.16693115234375,0.29402613639831543,142.06007097,0.0003,320.72418212890625,7940,0.19501736760139465,1202232
,,,,,,,,,,,,,,,,,33,69,1192307,92.55,-287.81732177734375,1.035375714302063,133.92446473,0.0003,469.0317687988281,7944,0.1971846967935562,1202308
,,,,,,,,,,,,,,,,,35,69,1192437,92.75,-279.2344665527344,0.2545434236526489,135.83340751999998,0.0003,367.3057861328125,7948,0.20013004541397095,1202438
,,,,,,,,,,,,,,,,,44,69,1193116,98.49,-301.9734191894531,-0.5133059620857239,146.19071051999998,0.0003,388.03216552734375,7952,0.1953275501728058,1203117
,,,,,,,,,,,,,,,,,46,69,1193258,95.7,-326.9757995605469,-0.3647487163543701,138.85640275000003,0.0003,576.21435546875,7956,0.19436143338680267,1203259
,,,,,,,,,,,,,,,,,48,69,1193358,94.26,-325.50994873046875,-1.2160909175872803,133.09658346999998,0.0003,296.27447509765625,7960,0.19299843907356262,1203359
,,,,,,,,,,,,,,,,,51,69,1193560,84.19,-271.82794189453125,0.13646894693374634,122.90023897,0.0003,290.849609375,7964,0.19290734827518463,1203561
,,,,,,,,,,,,,,,,,62,69,1194308,90.64,-283.250732421875,-0.1120636835694313,143.32038942000005,0.0003,336.626220703125,7968,0.19562529027462006,1204309
,,,,,,,,,,,,,,,,,67,69,1194684,89.85,-263.6040954589844,-0.4878491163253784,154.08038580000002,0.0003,343.4415588378906,7972,0.19289599359035492,1204685
,,,,,,,,,,,,,,,,,71,69,1194948,89.83,-263.2165832519531,0.9549611806869507,159.79359224,0.0003,644.1055908203125,7976,0.19872479140758514,1204949
,,,,,,,,,,,,,,,,,79,69,1195464,88.71,-298.37054443359375,0.08198122680187225,161.65469696000002,0.0003,532.106201171875,7980,0.19213883578777313,1205465
,,,,,,,,,,,,,,,,,83,69,1195810,90.3,-265.7938232421875,1.3251112699508667,165.04460534999998,0.0003,497.71795654296875,7984,0.19497723877429962,1205811
,,,,,,,,,,,,,,,,,86,69,1195960,90.45,-308.59112548828125,0.3048809766769409,165.42562040999996,0.0003,1075.738525390625,7988,0.1935640424489975,1205961
,,,,,,,,,,,,,,,,,92,69,1196385,83.4,-271.9081115722656,-0.8279972076416016,152.5840695,0.0003,661.4979858398438,7992,0.19573210179805756,1206386
,,,,,,,,,,,,,,,,,96,68,1196627,84.73,-276.4156799316406,-0.16677400469779968,154.36051239,0.0003,363.13665771484375,7996,0.19777318835258484,1206628
,,,,,,,,,,,,,,,,,99,68,1196864,83.46,-285.4688415527344,0.8335447907447815,149.27533675,0.0003,390.23406982421875,8000,0.19719445705413818,1206865
,,,,,,,,,,,,,,,,,101,68,1196963,78.5,-261.1419372558594,-0.23731762170791626,139.76046977,0.0003,3413.59765625,8004,0.19713762402534485,1206964
,,,,,,,,,,,,,,,,,104,68,1197149,79.29,-378.96697998046875,0.3971446454524994,144.26799943999998,0.0003,379.5585021972656,8008,0.1943489909172058,1207150
,,,,,,,,,,,,,,,,,106,68,1197283,78.54,-305.00445556640625,-0.14157545566558838,140.27747673,0.0003,393.3771667480469,8012,0.19701752066612244,1207284
,,,,,,,,,,,,,,,,,109,68,1197528,79.17,-305.6971435546875,-0.125552237033844,142.16475268,0.0003,814.0431518554688,8016,0.1963449865579605,1207529
,,,,,,,,,,,,,,,,,113,68,1197790,78.48,-266.5100402832031,-0.2402394711971283,140.87268593000002,0.0003,273.87646484375,8020,0.1930859386920929,1207791
,,,,,,,,,,,,,,,,,117,68,1198035,71.03,-302.41754150390625,-0.27071037888526917,123.81632034999998,0.0003,1298.7550048828125,8024,0.19037070870399475,1208036
,,,,,,,,,,,,,,,,,121,68,1198283,66.23,-258.24493408203125,0.42064368724823,98.62164308999999,0.0003,319.7186279296875,8028,0.18328677117824554,1208284
,,,,,,,,,,,,,,,,,127,68,1198668,67.71,-289.423095703125,0.0014172941446304321,99.95086949,0.0003,362.23175048828125,8032,0.18829061090946198,1208669
,,,,,,,,,,,,,,,,,130,68,1198885,67.84,-330.2449951171875,1.2981295585632324,103.19635869000001,0.0003,291.28399658203125,8036,0.19010256230831146,1208886
,,,,,,,,,,,,,,,,,135,68,1199206,69.75,-301.41510009765625,0.18955904245376587,111.05442543000001,0.0003,553.9865112304688,8040,0.18898905813694,1209207
,,,,,,,,,,,,,,,,,138,68,1199451,71.44,-321.01556396484375,-0.11638709902763367,113.61507741999999,0.0003,470.9598388671875,8044,0.19149748980998993,1209452
,,,,,,,,,,,,,,,,,142,68,1199703,72.66,-329.7174072265625,0.6668859720230103,120.83709897,0.0003,499.60955810546875,8048,0.18660832941532135,1209704
,,,,,,,,,,,,,,,,,146,68,1199981,68.65,-315.72540283203125,-0.022337675094604492,113.26693801000002,0.0003,439.192138671875,8052,0.18601146340370178,1209982
,,,,,,,,,,,,,,,,,158,67,1200788,75.3,-266.9579772949219,-1.0047001838684082,130.6488715,0.0003,511.55328369140625,8056,0.19139374792575836,1210789
,,,,,,,,,,,,,,,,,164,67,1201141,77.83,-297.1730651855469,-0.8579400181770325,136.53331185000002,0.0003,610.1345825195312,8060,0.18835091590881348,1211142
,,,,,,,,,,,,,,,,,169,67,1201456,78.96,-310.1090393066406,-1.1354024410247803,139.36515695999998,0.0003,503.23919677734375,8064,0.19130893051624298,1211457
,,,,,,,,,,,,,,,,,171,67,1201597,72.89,-280.45654296875,-0.004373759031295776,121.53160883000001,0.0003,369.501953125,8068,0.19027648866176605,1211598
,,,,,,,,,,,,,,,,,173,67,1201723,70.39,-306.1852111816406,0.3980558514595032,106.54797137999999,0.0003,727.4036865234375,8072,0.18916045129299164,1211724
,,,,,,,,,,,,,,,,,176,67,1201902,69.54,-275.30718994140625,-0.433898001909256,106.41320296000002,0.0003,343.485107421875,8076,0.1909758746623993,1211903
,,,,,,,,,,,,,,,,,185,67,1202481,70.17,-318.58636474609375,0.22384516894817352,115.74537612999998,0.0003,414.6720886230469,8080,0.18477457761764526,1212482
,,,,,,,,,,,,,,,,,187,67,1202621,68.11,-316.2736511230469,0.19827233254909515,109.47654496999999,0.0003,396.11981201171875,8084,0.18591324985027313,1212622
,,,,,,,,,,,,,,,,,189,67,1202742,67.82,-308.83099365234375,0.21118436753749847,108.46760618,0.0003,431.734130859375,8088,0.18484951555728912,1212743
,,,,,,,,,,,,,,,,,193,67,1203004,66.19,-325.33746337890625,-0.6564841270446777,98.76631080000001,0.0003,346.15447998046875,8092,0.1889146864414215,1213005
,,,,,,,,,,,,,,,,,198,67,1203340,67.13,-284.9333190917969,-0.11871454119682312,102.66421558000002,0.0003,2255.720703125,8096,0.19186727702617645,1213341
,,,,,,,,,,,,,,,,,201,67,1203559,66.95,-316.18548583984375,0.9387651681900024,103.33801220000001,0.0003,690.5745239257812,8100,0.1880611777305603,1213560
,,,,,,,,,,,,,,,,,211,67,1204186,72.23,-316.99517822265625,0.276789128780365,121.85821646000001,0.0003,297.35919189453125,8104,0.19258007407188416,1214187
,,,,,,,,,,,,,,,,,215,67,1204460,73.11,-297.2814636230469,0.21852537989616394,123.23765408,0.0003,695.7718505859375,8108,0.19092553853988647,1214461
,,,,,,,,,,,,,,,,,221,67,1204835,75.52,-356.036865234375,0.17057810723781586,127.23853012,0.0003,333.0170593261719,8112,0.19123758375644684,1214836
,,,,,,,,,,,,,,,,,222,67,1204952,74.24,-363.8762512207031,0.8619592189788818,122.61174404000002,0.0003,505.64495849609375,8116,0.1884579360485077,1214953
,,,,,,,,,,,,,,,,,233,67,1205629,78.39,-324.52911376953125,-0.02811773121356964,124.27609660000002,0.0003,376.97509765625,8120,0.18954722583293915,1215630
,,,,,,,,,,,,,,,,,239,66,1206015,79.8,-329.2391357421875,0.14125922322273254,132.98153815000003,0.0003,1077.66162109375,8124,0.18669408559799194,1216016
,,,,,,,,,,,,,,,,,242,67,1206267,79.84,-293.4728698730469,0.04158872365951538,135.15917185,0.0003,316.4426574707031,8128,0.18601955473423004,1216268
,,,,,,,,,,,,,,,,,245,66,1206445,77.77,-316.2211608886719,0.5878381729125977,131.09181409,0.0003,436.64068603515625,8132,0.1884860396385193,1216446
,,,,,,,,,,,,,,,,,251,66,1206873,79.88,-362.21002197265625,-0.13303351402282715,134.09749957,0.0003,401.144775390625,8136,0.19227397441864014,1216874
,,,,,,,,,,,,,,,,,261,66,1207503,82.97,-321.48583984375,0.849045991897583,140.52962863999997,0.0003,463.869384765625,8140,0.19078707695007324,1217504
,,,,,,,,,,,,,,,,,264,66,1207645,81.94,-300.9305419921875,-1.4667243957519531,138.49412352,0.0003,371.8915100097656,8144,0.1929769217967987,1217646
,,,,,,,,,,,,,,,,,273,66,1208271,85.68,-313.40594482421875,0.8760650753974915,141.51952968,0.0003,423.67742919921875,8148,0.1893695741891861,1218272
,,,,,,,,,,,,,,,,,282,66,1208861,88.8,-344.2699279785156,0.5258782505989075,152.20727846,0.0003,640.6720581054688,8152,0.19270750880241394,1218862
,,,,,,,,,,,,,,,,,290,66,1209334,85.46,-286.8132629394531,-0.5233501195907593,152.46477636,0.0003,7504.25048828125,8156,0.18935950100421906,1219335
,,,,,,,,,,,,,,,,,294,66,1209615,84.74,-333.95733642578125,0.017155125737190247,152.06709792,0.0003,772.89794921875,8160,0.18595416843891144,1219616
,,,,,,,,,,,,,,,,,301,66,1210044,85.88,-353.50872802734375,0.2105139046907425,158.88681614000004,0.0003,382.12042236328125,8164,0.1909356266260147,1220045
,,,,,,,,,,,,,,,,,309,66,1210560,89.63,-346.197021484375,0.7202123999595642,174.53205735999995,0.0003,2398.89306640625,8168,0.19428299367427826,1220561
,,,,,,,,,,,,,,,,,310,66,1210643,89.2,-338.24359130859375,0.147846981883049,174.68064653999994,0.0003,320.7132263183594,8172,0.19498445093631744,1220644
,,,,,,,,,,,,,,,,,312,66,1210755,88.53,-310.7243957519531,-0.25449007749557495,170.23119678,0.0003,957.826416015625,8176,0.19580547511577606,1220756
,,,,,,,,,,,,,,,,,319,66,1211189,87.08,-320.7016906738281,-0.31328657269477844,157.66056955000002,0.0003,597.8944091796875,8180,0.19946767389774323,1221190
,,,,,,,,,,,,,,,,,324,66,1211524,89.03,-334.6571350097656,-0.3960917890071869,161.39026213,0.0003,571.9500122070312,8184,0.20003299415111542,1221525
,,,,,,,,,,,,,,,,,328,66,1211807,90.65,-335.11663818359375,-0.45876991748809814,163.49587351,0.0003,524.8067016601562,8188,0.19646470248699188,1221808
,,,,,,,,,,,,,,,,,334,66,1212210,92.06,-423.5899353027344,-0.1897725611925125,174.96883241999996,0.0003,593.289306640625,8192,0.1956186443567276,1222211
,,,,,,,,,,,,,,,,,335,66,1212297,89.57,-340.3236389160156,-0.19914411008358002,166.15785817000003,0.0003,366.132080078125,8196,0.19447945058345795,1222298
,,,,,,,,,,,,,,,,,352,66,1213369,98.1,-331.42999267578125,0.7774736881256104,189.00206187999996,0.0003,874.6094970703125,8200,0.1991139054298401,1223370
,,,,,,,,,,,,,,,,,357,66,1213734,95.48,-301.85052490234375,1.0985041856765747,182.20355259,0.0003,431.57354736328125,8204,0.20381653308868408,1223735
,,,,,,,,,,,,,,,,,363,66,1214111,96.51,-332.3395080566406,0.05593041330575943,177.06876872,0.0003,508.5534973144531,8208,0.19904664158821106,1224112
,,,,,,,,,,,,,,,,,365,66,1214254,94.19,-356.892333984375,0.3619903326034546,170.10742190999997,0.0003,327.9441223144531,8212,0.19562751054763794,1224255
,,,,,,,,,,,,,,,,,376,66,1214975,100.23,-331.59527587890625,0.6725403666496277,186.44095284,0.0003,930.6966552734375,8216,0.1925889551639557,1224976
300.0,0,300.0,720.5343680693304,300.0,75000,410.55518507805783,563.1053747361283,0,300.0,0,0,0,175.78914352378965,3,300.0,1379.7768742954395,,,1215000,,-336.8487854003906,0.7357585430145264,,0.0003,663.688720703125,,0.193525493144989,
,,,,,,,,,,,,,,,,,0,72,1215055,94.26,-350.2897644042969,-0.4011876583099365,179.23624201,0.0003,407.940673828125,8220,0.19378317892551422,1225056
,,,,,,,,,,,,,,,,,13,69,1215942,99.27,-342.3791809082031,0.43037447333335876,188.32311674000002,0.0003,341.1786804199219,8224,0.19600489735603333,1225943
,,,,,,,,,,,,,,,,,18,70,1216263,99.96,-350.17608642578125,0.9264633655548096,189.47101579,0.0003,795.34423828125,8228,0.19625887274742126,1226264
,,,,,,,,,,,,,,,,,35,68,1217411,109.66,-366.6946105957031,-0.9093557596206665,216.62315818000002,0.0003,449.50897216796875,8232,0.20691588521003723,1227412
,,,,,,,,,,,,,,,,,36,68,1217493,106.2,-370.57855224609375,-0.6019787192344666,208.10836920999998,0.0003,888.689697265625,8236,0.2066001296043396,1227494
,,,,,,,,,,,,,,,,,58,67,1218969,114.66,-360.09307861328125,0.899885892868042,227.98681265,0.0003,1367.5123291015625,8240,0.20201396942138672,1228970
,,,,,,,,,,,,,,,,,64,68,1219413,117.68,-354.23260498046875,-0.1710759550333023,242.10456232,0.0003,414.0039367675781,8244,0.19645057618618011,1229414
,,,,,,,,,,,,,,,,,72,68,1219936,116.65,-317.5978698730469,-0.3766672611236572,244.28832884,0.0003,991.267333984375,8248,0.1972234696149826,1229937
,,,,,,,,,,,,,,,,,75,68,1220153,112.92,-396.3021240234375,0.5818085670471191,229.92735256999995,0.0003,2269.47021484375,8252,0.19951102137565613,1230154
,,,,,,,,,,,,,,,,,76,68,1220223,108.89,-374.78057861328125,0.8089456558227539,211.93677,0.0003,834.1221923828125,8256,0.19884605705738068,1230224
,,,,,,,,,,,,,,,,,79,68,1220449,108.34,-298.2252502441406,0.045181795954704285,211.5244064,0.0003,364.16204833984375,8260,0.20304985344409943,1230450
,,,,,,,,,,,,,,,,,84,68,1220813,107.69,-338.1717224121094,-0.42949178814888,215.32288416,0.0003,611.7021484375,8264,0.20320098102092743,1230814
,,,,,,,,,,,,,,,,,86,68,1220915,103.55,-360.0276794433594,-0.17911237478256226,199.77416230000003,0.0003,937.6629638671875,8268,0.2047761231660843,1230916
,,,,,,,,,,,,,,,,,95,68,1221590,109.47,-374.6376037597656,0.5884261131286621,219.10155944999994,0.0003,454.86859130859375,8272,0.2066611647605896,1231591
,,,,,,,,,,,,,,,,,106,68,1222301,115.46,-355.1624450683594,0.3657241463661194,234.64740390999995,0.0003,2665.544921875,8276,0.21059206128120422,1232302
,,,,,,,,,,,,,,,,,107,68,1222411,112.22,-335.5401306152344,-0.6197224855422974,225.79948233,0.0003,488.365478515625,8280,0.20612040162086487,1232412
,,,,,,,,,,,,,,,,,113,68,1222797,112.73,-341.8051452636719,-0.28579849004745483,227.06908074,0.0003,405.279541015625,8284,0.20810353755950928,1232798
,,,,,,,,,,,,,,,,,126,68,1223734,119.27,-418.51605224609375,-0.3435960114002228,258.69483681,0.0003,455.20416259765625,8288,0.21097706258296967,1233735
,,,,,,,,,,,,,,,,,129,68,1223892,116.82,-386.10784912109375,-0.20455755293369293,244.81299270000002,0.0003,4215.7890625,8292,0.21202903985977173,1233893
,,,,,,,,,,,,,,,,,129,68,1223932,116.35,-366.0784912109375,0.3891633152961731,244.67612892999995,0.0003,2102.85498046875,8296,0.21117982268333435,1233933
,,,,,,,,,,,,,,,,,130,68,1224004,106.35,-357.2046203613281,-0.300627738237381,213.66737483,0.0003,622.274169921875,8300,0.211894229054451,1234005
,,,,,,,,,,,,,,,,,136,69,1224405,106.71,-351.37384033203125,-1.205603837966919,210.31844216,0.0003,400.7694091796875,8304,0.20791339874267578,1234406
,,,,,,,,,,,,,,,,,139,69,1224628,105.17,-383.1028137207031,-0.2659115493297577,214.70155460999996,0.0003,501.646484375,8308,0.20662322640419006,1234629
,,,,,,,,,,,,,,,,,140,69,1224715,104.61,-392.0875244140625,-0.928955078125,213.68160756999998,0.0003,466.654052734375,8312,0.20435799658298492,1234716
,,,,,,,,,,,,,,,,,141,69,1224768,97.93,-337.4289855957031,-0.11142835021018982,196.63844982000003,0.0003,712.7752685546875,8316,0.204497829079628,1234769
,,,,,,,,,,,,,,,,,164,69,1226387,113.32,-420.61029052734375,-0.7150250673294067,245.83212678,0.0003,771.1647338867188,8320,0.2111123651266098,1236388
,,,,,,,,,,,,,,,,,169,69,1226762,108.2,-399.0728759765625,0.890082061290741,230.42471968,0.0003,559.9464111328125,8324,0.2075251042842865,1236763
,,,,,,,,,,,,,,,,,181,69,1227647,113.84,-362.6455078125,0.34526169300079346,246.08384101000004,0.0003,649.15869140625,8328,0.21505455672740936,1237648
,,,,,,,,,,,,,,,,,185,69,1227927,105.16,-359.8877868652344,-0.5478677749633789,228.07188037000003,0.0003,1017.8475341796875,8332,0.21799789369106293,1237928
,,,,,,,,,,,,,,,,,190,69,1228274,107.81,-369.9164733886719,-0.22119419276714325,235.15962132000004,0.0003,328.2099914550781,8336,0.21401642262935638,1238275
,,,,,,,,,,,,,,,,,193,69,1228482,95.13,-377.4883728027344,-0.11759598553180695,204.80623437000003,0.0003,434.362548828125,8340,0.2151120901107788,1238483
,,,,,,,,,,,,,,,,,199,69,1228856,94.43,-366.3916320800781,-0.341646671295166,192.98890903,0.0003,709.448974609375,8344,0.2133423238992691,1238857
,,,,,,,,,,,,,,,,,204,69,1229194,92.58,-357.4554748535156,-0.020014246925711632,187.23206866,0.0003,584.255859375,8348,0.2143092006444931,1239195
,,,,,,,,,,,,,,,,,214,69,1229897,97.44,-387.6930236816406,0.38412660360336304,196.70591102000003,0.0003,352.04754638671875,8352,0.20983189344406128,1239898
,,,,,,,,,,,,,,,,,216,69,1230018,97.95,-376.6478576660156,-0.010231584310531616,198.91369947999993,0.0003,851.883056640625,8356,0.21273759007453918,1240019
,,,,,,,,,,,,,,,,,224,69,1230616,101.67,-374.05035400390625,-0.13245756924152374,218.75646253999994,0.0003,320.2757568359375,8360,0.21497632563114166,1240617
,,,,,,,,,,,,,,,,,229,69,1230916,101.03,-339.6668701171875,0.36983591318130493,211.13100006999997,0.0003,919.16455078125,8364,0.2180635929107666,1240917
,,,,,,,,,,,,,,,,,235,69,1231362,104.47,-407.19171142578125,0.9679418802261353,220.51926536999997,0.0003,412.26318359375,8368,0.2187487632036209,1241363
,,,,,,,,,,,,,,,,,243,69,1231924,103.34,-389.4718322753906,-0.971610963344574,219.33231909999995,0.0003,489.4881591796875,8372,0.21013906598091125,1241925
,,,,,,,,,,,,,,,,,254,69,1232718,104.17,-407.91815185546875,0.5397696495056152,220.5085517,0.0003,389.0867919921875,8376,0.20841506123542786,1242719
,,,,,,,,,,,,,,,,,263,69,1233328,109.17,-374.7841796875,-0.22452931106090546,244.14424123,0.0003,1325.83251953125,8380,0.2133868783712387,1243329
,,,,,,,,,,,,,,,,,265,69,1233440,106.43,-398.687744140625,-0.8175561428070068,238.16402309999998,0.0003,786.3438720703125,8384,0.21440966427326202,1243441
,,,,,,,,,,,,,,,,,282,69,1234618,108.84,-391.0843505859375,-0.32467928528785706,236.99044970000003,0.0003,389.1103515625,8388,0.22181737422943115,1244619
,,,,,,,,,,,,,,,,,286,69,1234952,110.6,-368.66986083984375,0.2939928472042084,239.68800286,0.0003,357.11480712890625,8392,0.21290457248687744,1244953
,,,,,,,,,,,,,,,,,292,69,1235337,114.05,-403.12139892578125,0.30923521518707275,248.11176991000008,0.0003,3494.603515625,8396,0.21542733907699585,1245338
,,,,,,,,,,,,,,,,,293,69,1235418,114.14,-406.6350402832031,0.740825891494751,249.19433226,0.0003,1775.2578125,8400,0.21866551041603088,1245419
,,,,,,,,,,,,,,,,,301,69,1236024,116.19,-400.80950927734375,0.10522636771202087,244.46194189999997,0.0003,504.12457275390625,8404,0.21133629977703094,1246025
,,,,,,,,,,,,,,,,,309,69,1236555,119.27,-420.89453125,-0.07433492690324783,251.75815358000003,0.0003,1596.642578125,8408,0.2125745564699173,1246556
,,,,,,,,,,,,,,,,,313,69,1236832,121.17,-439.00225830078125,0.6941233277320862,262.49306794999995,0.0003,518.8704833984375,8412,0.2092699408531189,1246833
,,,,,,,,,,,,,,,,,314,69,1236942,121.74,-422.941162109375,0.0358743816614151,265.29494291,0.0003,497.37725830078125,8416,0.2099013477563858,1246943
,,,,,,,,,,,,,,,,,317,69,1237157,107.7,-401.09185791015625,1.027219533920288,220.11859366000004,0.0003,1066.789794921875,8420,0.21422216296195984,1247158
,,,,,,,,,,,,,,,,,320,69,1237325,105.63,-349.2777099609375,-0.3405519723892212,213.68408984,0.0003,571.4807739257812,8424,0.21458913385868073,1247326
,,,,,,,,,,,,,,,,,326,69,1237761,101.14,-359.7474670410156,-0.286652535200119,209.26897549000006,0.0003,683.3948364257812,8428,0.21241438388824463,1247762
,,,,,,,,,,,,,,,,,334,69,1238364,104.37,-410.6878662109375,0.23689204454421997,219.42696646000005,0.0003,560.872314453125,8432,0.22019219398498535,1248365
,,,,,,,,,,,,,,,,,340,69,1238801,105.27,-399.58856201171875,0.43768110871315,220.35146246000005,0.0003,934.0211181640625,8436,0.22336483001708984,1248802
,,,,,,,,,,,,,,,,,351,69,1239547,110.65,-452.67376708984375,-0.0641196072101593,237.92963985999998,0.0003,1151.029541015625,8440,0.21626748144626617,1249548
,,,,,,,,,,,,,,,,,353,69,1239704,108.48,-386.1488342285156,0.05939149111509323,235.08904127000002,0.0003,419.50616455078125,8444,0.21112339198589325,1249705
300.0,0,300.0,731.004429988522,300.0,100000,603.1018280302777,583.9966681127821,0,300.0,0,0,0,206.48149777514573,3,300.0,1157.8247247838274,,,1240000,,-427.5353698730469,-0.1520644724369049,,0.0003,521.3323364257812,,0.20914822816848755,
,,,,,,,,,,,,,,,,,0,74,1240017,108.23,-418.73858642578125,0.8763458728790283,234.27063841,0.0003,454.633056640625,8448,0.20915266871452332,1250018
,,,,,,,,,,,,,,,,,7,71,1240540,106.43,-367.9322509765625,-0.27011674642562866,235.09665399999997,0.0003,1543.708251953125,8452,0.21128439903259277,1250541
,,,,,,,,,,,,,,,,,11,71,1240840,108.22,-420.484375,0.3512784540653229,236.86771940999998,0.0003,448.68682861328125,8456,0.21049894392490387,1250841
,,,,,,,,,,,,,,,,,24,71,1241716,111.0,-369.0048522949219,0.32313302159309387,230.60110670999998,0.0003,841.2125854492188,8460,0.21981745958328247,1251717
,,,,,,,,,,,,,,,,,48,71,1243468,125.52,-409.263916015625,-0.4610587954521179,269.90841864,0.0003,394.33563232421875,8464,0.2162100076675415,1253469
,,,,,,,,,,,,,,,,,57,71,1244091,127.29,-423.6986083984375,0.4409324824810028,267.63848296,0.0003,759.7936401367188,8468,0.22241300344467163,1254092
,,,,,,,,,,,,,,,,,62,71,1244468,125.44,-414.66888427734375,-0.1776149421930313,260.20848136,0.0003,466.45379638671875,8472,0.22257143259048462,1254469
,,,,,,,,,,,,,,,,,65,71,1244651,119.33,-445.08270263671875,-0.050819218158721924,248.12012226,0.0003,610.2013549804688,8476,0.22091342508792877,1254652
,,,,,,,,,,,,,,,,,77,71,1245560,122.32,-407.0821533203125,-0.03625932335853577,252.10809924,0.0003,552.63037109375,8480,0.21869775652885437,1255561
,,,,,,,,,,,,,,,,,81,71,1245821,123.81,-445.72125244140625,0.8101456165313721,256.14689474999994,0.0003,4622.7197265625,8484,0.22791731357574463,1255822
,,,,,,,,,,,,,,,,,84,71,1246043,114.25,-404.25543212890625,0.3992351293563843,227.05359080000005,0.0003,728.980712890625,8488,0.22685354948043823,1256044
,,,,,,,,,,,,,,,,,89,71,1246407,114.55,-456.87750244140625,-0.0787271037697792,227.04838209000002,0.0003,999.107177734375,8492,0.225778728723526,1256408
,,,,,,,,,,,,,,,,,96,71,1246901,115.64,-353.64306640625,-0.279236763715744,231.75363867999997,0.0003,1676.272216796875,8496,0.2288609892129898,1256902
,,,,,,,,,,,,,,,,,99,71,1247079,116.61,-403.52703857421875,0.26718974113464355,235.39573481000002,0.0003,516.7791748046875,8500,0.22873538732528687,1257080
,,,,,,,,,,,,,,,,,116,71,1248310,122.86,-449.3077697753906,0.46590423583984375,262.50642185,0.0003,468.54046630859375,8504,0.2171555608510971,1258311
,,,,,,,,,,,,,,,,,119,71,1248522,119.67,-410.03778076171875,0.12657830119132996,252.77537250999995,0.0003,1020.0642700195312,8508,0.2264712005853653,1258523
,,,,,,,,,,,,,,,,,121,71,1248688,118.56,-423.62530517578125,-0.04433104395866394,246.80271248999998,0.0003,1417.0609130859375,8512,0.23121388256549835,1258689
,,,,,,,,,,,,,,,,,128,71,1249156,122.14,-429.2955627441406,0.0374942272901535,252.31879467999997,0.0003,475.7957763671875,8516,0.2257433980703354,1259157
,,,,,,,,,,,,,,,,,136,71,1249778,126.21,-449.5367431640625,-0.7119238376617432,254.79691777,0.0003,886.279052734375,8520,0.22287115454673767,1259779
,,,,,,,,,,,,,,,,,144,71,1250284,129.59,-413.0987854003906,-0.4574732184410095,273.49753289999995,0.0003,906.7236938476562,8524,0.22104056179523468,1260285
,,,,,,,,,,,,,,,,,151,71,1250802,130.41,-443.6011047363281,0.3059539794921875,273.78449462,0.0003,479.4945068359375,8528,0.22368834912776947,1260803
,,,,,,,,,,,,,,,,,156,71,1251115,127.51,-496.73822021484375,1.0140931606292725,260.29204648,0.0003,587.195068359375,8532,0.2172164022922516,1261116
,,,,,,,,,,,,,,,,,161,71,1251497,126.96,-397.2280578613281,0.3865089416503906,261.61352633999996,0.0003,1208.8551025390625,8536,0.2227267026901245,1261498
,,,,,,,,,,,,,,,,,164,71,1251658,121.11,-449.7176208496094,0.094320148229599,241.08136827,0.0003,6747.42333984375,8540,0.21949870884418488,1261659
,,,,,,,,,,,,,,,,,167,71,1251924,122.2,-460.9819030761719,0.5697041749954224,246.27447914,0.0003,878.0057373046875,8544,0.21911928057670593,1261925
,,,,,,,,,,,,,,,,,172,70,1252208,121.91,-467.4195556640625,0.03195682168006897,245.87830369,0.0003,547.5330200195312,8548,0.22395847737789154,1262209
,,,,,,,,,,,,,,,,,175,70,1252414,118.74,-464.61761474609375,-0.6292456388473511,236.66275258999994,0.0003,473.3050842285156,8552,0.22588418424129486,1262415
,,,,,,,,,,,,,,,,,181,70,1252839,119.99,-506.55877685546875,0.09267307817935944,237.97004353,0.0003,2631.390625,8556,0.22931790351867676,1262840
,,,,,,,,,,,,,,,,,192,70,1253542,118.26,-426.2164001464844,0.7495338320732117,237.75822814999995,0.0003,1262.984130859375,8560,0.22270092368125916,1263543
,,,,,,,,,,,,,,,,,196,70,1253854,103.86,-464.81610107421875,-0.6679574251174927,195.81335356,0.0003,1468.2591552734375,8564,0.2259920835494995,1263855
,,,,,,,,,,,,,,,,,200,70,1254123,100.32,-468.4409484863281,0.3282443583011627,193.34997865000003,0.0003,610.1412353515625,8568,0.22984494268894196,1264124
,,,,,,,,,,,,,,,,,202,70,1254256,97.88,-435.0421142578125,-0.21982041001319885,184.72685854,0.0003,378.3378601074219,8572,0.23221945762634277,1264257
,,,,,,,,,,,,,,,,,219,70,1255341,106.9,-424.1062316894531,0.29998070001602173,219.00011491000004,0.0003,1009.1688232421875,8576,0.23023074865341187,1265342
,,,,,,,,,,,,,,,,,223,70,1255673,101.13,-412.6861572265625,-0.06345384567975998,199.58985006000003,0.0003,422.5653076171875,8580,0.2256091982126236,1265674
,,,,,,,,,,,,,,,,,229,70,1256086,102.65,-465.2254333496094,0.28251901268959045,197.19905444,0.0003,398.8994140625,8584,0.22248059511184692,1266087
,,,,,,,,,,,,,,,,,230,70,1256140,100.97,-442.14337158203125,-0.1762242615222931,192.93874424,0.0003,628.3062744140625,8588,0.22191092371940613,1266141
,,,,,,,,,,,,,,,,,234,70,1256420,100.13,-383.0700988769531,-0.7745638489723206,191.75282007,0.0003,1257.4302978515625,8592,0.22386756539344788,1266421
,,,,,,,,,,,,,,,,,240,70,1256877,99.76,-432.1582946777344,-1.6447253227233887,196.65684712,0.0003,683.5189819335938,8596,0.22492621839046478,1266878
,,,,,,,,,,,,,,,,,267,70,1258763,116.84,-397.6716613769531,-0.5764479041099548,229.41833227000004,0.0003,613.0240478515625,8600,0.22318826615810394,1268764
,,,,,,,,,,,,,,,,,272,70,1259106,107.96,-413.20281982421875,-0.80315101146698,202.68007361999997,0.0003,1953.5865478515625,8604,0.22476007044315338,1269107
,,,,,,,,,,,,,,,,,277,70,1259486,109.64,-410.0652160644531,0.17214718461036682,204.68028653999994,0.0003,1459.9208984375,8608,0.2313050478696823,1269487
,,,,,,,,,,,,,,,,,279,70,1259611,109.23,-471.6421203613281,0.053178004920482635,200.31452593999998,0.0003,590.4365234375,8612,0.23559191823005676,1269612
,,,,,,,,,,,,,,,,,297,70,1260839,116.83,-410.6967468261719,1.0410025119781494,214.23296026,0.0003,1043.5318603515625,8616,0.22758419811725616,1270840
,,,,,,,,,,,,,,,,,301,70,1261099,113.21,-414.61199951171875,0.28006690740585327,214.52606248,0.0003,529.0438842773438,8620,0.23283369839191437,1271100
,,,,,,,,,,,,,,,,,303,70,1261303,110.19,-465.2268981933594,0.1445269137620926,197.55243214,0.0003,1950.2880859375,8624,0.23762816190719604,1271304
,,,,,,,,,,,,,,,,,329,70,1263088,122.86,-434.6208801269531,0.6136302351951599,222.77575076999997,0.0003,585.449951171875,8628,0.2379595935344696,1273089
,,,,,,,,,,,,,,,,,333,70,1263361,122.46,-521.7559814453125,0.19101783633232117,223.25003608999995,0.0003,3610.917724609375,8632,0.2325439304113388,1273362
,,,,,,,,,,,,,,,,,336,70,1263569,120.72,-487.6050109863281,1.4290869235992432,215.37776785000003,0.0003,1677.191650390625,8636,0.22799937427043915,1273570
,,,,,,,,,,,,,,,,,342,70,1264000,123.42,-420.5800476074219,-0.9352694153785706,229.90500760000003,0.0003,405.5829162597656,8640,0.2310551553964615,1274001
,,,,,,,,,,,,,,,,,351,70,1264691,127.67,-427.6162414550781,-0.2627926766872406,244.94793751999998,0.0003,482.83953857421875,8644,0.24083799123764038,1274692
,,,,,,,,,,,,,,,,,354,70,1264887,126.79,-410.6243896484375,-0.1312425136566162,242.35669022,0.0003,461.41473388671875,8648,0.23871612548828125,1274888
300.0,0,300.0,725.4118463052437,300.0,125000,445.7005664286332,654.7155972649133,0,300.0,0,0,0,274.03915947742024,3,300.0,958.0461132269635,,,1265000,,-476.70245361328125,-0.356975793838501,,0.0003,645.1944580078125,,0.23482994735240936,
,,,,,,,,,,,,,,,,,4,72,1265319,129.05,-425.7828369140625,-0.5022860169410706,250.41774624,0.0003,508.185546875,8652,0.23204632103443146,1275320
,,,,,,,,,,,,,,,,,13,70,1265942,131.03,-419.78045654296875,-0.28719764947891235,261.1301674,0.0003,566.2647094726562,8656,0.22666126489639282,1275943
,,,,,,,,,,,,,,,,,19,70,1266347,128.05,-439.841796875,0.14640451967716217,256.61244665000004,0.0003,1385.9600830078125,8660,0.22641521692276,1276348
,,,,,,,,,,,,,,,,,32,69,1267262,134.08,-524.2574462890625,-0.6309680342674255,275.14357204,0.0003,588.2244262695312,8664,0.23198795318603516,1277263
,,,,,,,,,,,,,,,,,37,70,1267652,135.29,-501.69482421875,-0.30924153327941895,277.13809430999993,0.0003,590.653076171875,8668,0.235772505402565,1277653
,,,,,,,,,,,,,,,,,41,70,1267949,136.93,-468.85382080078125,0.27839601039886475,282.16780477,0.0003,461.86767578125,8672,0.2320539504289627,1277950
,,,,,,,,,,,,,,,,,48,70,1268419,130.78,-449.962890625,-0.48269325494766235,255.76710152000007,0.0003,614.573486328125,8676,0.23055513203144073,1278420
,,,,,,,,,,,,,,,,,51,70,1268644,129.71,-434.04107666015625,-0.5751668214797974,248.51646847000004,0.0003,671.12353515625,8680,0.23065011203289032,1278645
,,,,,,,,,,,,,,,,,52,70,1268681,125.95,-484.78350830078125,0.48303699493408203,244.28338802999994,0.0003,615.062255859375,8684,0.23021653294563293,1278682
,,,,,,,,,,,,,,,,,56,70,1268996,128.56,-428.3763732910156,0.043342188000679016,253.24777692000004,0.0003,1247.536865234375,8688,0.23045854270458221,1278997
,,,,,,,,,,,,,,,,,64,70,1269553,131.33,-454.6476135253906,0.4770458936691284,258.28722257,0.0003,2212.93408203125,8692,0.2442229986190796,1279554
,,,,,,,,,,,,,,,,,84,70,1270913,140.36,-485.5826110839844,0.701042115688324,268.54758868,0.0003,570.0875244140625,8696,0.21971796452999115,1280914
,,,,,,,,,,,,,,,,,87,70,1271148,123.85,-457.1199951171875,0.02033713459968567,233.29423834999997,0.0003,804.298583984375,8700,0.22179999947547913,1281149
,,,,,,,,,,,,,,,,,100,70,1272075,129.69,-458.06243896484375,0.6229333281517029,251.89712120999997,0.0003,1400.2398681640625,8704,0.2337905913591385,1282076
,,,,,,,,,,,,,,,,,109,70,1272660,131.74,-502.6558532714844,-0.13341183960437775,258.0036084,0.0003,715.0579223632812,8708,0.22814872860908508,1282661
,,,,,,,,,,,,,,,,,111,70,1272821,132.1,-451.6842346191406,-0.16631048917770386,263.03195060999997,0.0003,695.7275390625,8712,0.23309677839279175,1282822
,,,,,,,,,,,,,,,,,129,70,1274099,132.6,-427.4749755859375,-0.30804967880249023,275.79348066,0.0003,361.8995361328125,8716,0.2342023253440857,1284100
,,,,,,,,,,,,,,,,,131,70,1274229,131.3,-506.96502685546875,-0.10955986380577087,271.00269874,0.0003,639.421630859375,8720,0.22977212071418762,1284230
,,,,,,,,,,,,,,,,,138,70,1274712,134.09,-457.2534484863281,0.25889575481414795,274.00799235,0.0003,604.546875,8724,0.23120959103107452,1284713
,,,,,,,,,,,,,,,,,142,69,1274958,118.7,-465.83563232421875,1.3185718059539795,239.38787901,0.0003,2476.91845703125,8728,0.22468219697475433,1284959
,,,,,,,,,,,,,,,,,148,69,1275383,120.22,-455.65576171875,0.6978154182434082,241.75160425,0.0003,684.5416870117188,8732,0.2389429211616516,1285384
,,,,,,,,,,,,,,,,,170,69,1276927,133.58,-425.5981750488281,-0.7233742475509644,269.55236664,0.0003,754.5452880859375,8736,0.232203871011734,1286928
,,,,,,,,,,,,,,,,,178,69,1277469,134.69,-467.19927978515625,-0.17036215960979462,270.14494371999996,0.0003,621.966064453125,8740,0.23190094530582428,1287470
,,,,,,,,,,,,,,,,,196,69,1278708,140.17,-439.78448486328125,-0.016871288418769836,279.10027116,0.0003,1661.760986328125,8744,0.22116579115390778,1288709
,,,,,,,,,,,,,,,,,204,69,1279225,143.38,-461.84405517578125,0.5095235109329224,287.01398176000004,0.0003,1188.695068359375,8748,0.2269294410943985,1289226
,,,,,,,,,,,,,,,,,205,69,1279292,139.73,-481.37109375,-0.19497036933898926,276.31545733,0.0003,779.5592041015625,8752,0.22934330999851227,1289293
,,,,,,,,,,,,,,,,,206,69,1279371,134.29,-476.22015380859375,0.010782524943351746,260.11445385999997,0.0003,617.642822265625,8756,0.22898690402507782,1289372
,,,,,,,,,,,,,,,,,213,69,1279830,134.83,-409.8525390625,0.029126062989234924,255.0587427,0.0003,1315.7620849609375,8760,0.22854459285736084,1289831
,,,,,,,,,,,,,,,,,226,69,1280712,134.5,-444.0401611328125,0.3793554902076721,248.69600380999998,0.0003,667.1326904296875,8764,0.23837317526340485,1290713
,,,,,,,,,,,,,,,,,228,69,1280892,132.4,-337.94970703125,-0.38289183378219604,244.18595636999999,0.0003,812.2443237304688,8768,0.23768563568592072,1290893
,,,,,,,,,,,,,,,,,234,69,1281292,133.43,-456.7650451660156,-0.6372313499450684,245.12700538,0.0003,728.0234375,8772,0.2315906137228012,1291293
,,,,,,,,,,,,,,,,,235,69,1281373,129.54,-482.86578369140625,-0.06183859705924988,231.81229246000004,0.0003,490.00799560546875,8776,0.23321564495563507,1291374
,,,,,,,,,,,,,,,,,241,69,1281767,131.23,-469.8673400878906,-0.06813392788171768,241.24222579000005,0.0003,598.15869140625,8780,0.231291264295578,1291768
,,,,,,,,,,,,,,,,,246,69,1282133,134.52,-437.9930725097656,0.3136568069458008,257.58527473000004,0.0003,600.4577026367188,8784,0.23386427760124207,1292134
,,,,,,,,,,,,,,,,,247,69,1282221,132.25,-489.25958251953125,0.5179650187492371,250.75049965999997,0.0003,788.082763671875,8788,0.23251277208328247,1292222
,,,,,,,,,,,,,,,,,253,69,1282596,130.43,-458.3609619140625,-0.25909674167633057,257.24981766,0.0003,2251.00732421875,8792,0.22661922872066498,1292597
,,,,,,,,,,,,,,,,,262,69,1283219,123.06,-469.177978515625,0.42396771907806396,245.35863762000005,0.0003,911.2626953125,8796,0.22672712802886963,1293220
,,,,,,,,,,,,,,,,,268,69,1283629,124.81,-526.3246459960938,0.6051216721534729,254.31255070000003,0.0003,604.0643920898438,8800,0.23341242969036102,1293630
,,,,,,,,,,,,,,,,,273,69,1283969,118.94,-372.87396240234375,-0.34638512134552,237.20428083000002,0.0003,857.9879760742188,8804,0.22894315421581268,1293970
,,,,,,,,,,,,,,,,,283,69,1284626,119.66,-420.7030334472656,0.1174992173910141,243.63695654,0.0003,723.6341552734375,8808,0.2267458289861679,1294627
,,,,,,,,,,,,,,,,,289,69,1285066,122.45,-479.00994873046875,0.2755662798881531,243.03087730999997,0.0003,616.8917236328125,8812,0.22762690484523773,1295067
,,,,,,,,,,,,,,,,,303,69,1285994,118.95,-376.28753662109375,-0.30426540970802307,234.43269897,0.0003,845.4447631835938,8816,0.2351648211479187,1295995
,,,,,,,,,,,,,,,,,312,69,1286540,123.11,-457.82049560546875,0.1514737755060196,248.21066461999996,0.0003,537.482421875,8820,0.23571239411830902,1296541
,,,,,,,,,,,,,,,,,317,68,1286898,121.86,-438.675048828125,-1.0174071788787842,257.76478911000004,0.0003,491.60107421875,8824,0.22991640865802765,1296899
,,,,,,,,,,,,,,,,,324,68,1287275,123.17,-449.7450256347656,-0.0004970002919435501,264.01991491,0.0003,751.8038330078125,8828,0.23368968069553375,1297276
,,,,,,,,,,,,,,,,,331,68,1287660,122.77,-454.354248046875,0.6449841260910034,268.82010949,0.0003,759.605224609375,8832,0.23689018189907074,1297661
,,,,,,,,,,,,,,,,,345,68,1288650,117.23,-407.02099609375,-1.4419364929199219,268.20480253000005,0.0003,639.4588623046875,8836,0.23198983073234558,1298651
,,,,,,,,,,,,,,,,,353,68,1289274,118.05,-496.0478210449219,1.1639854907989502,276.22922286000005,0.0003,838.291748046875,8840,0.22763141989707947,1299275
,,,,,,,,,,,,,,,,,358,68,1289632,109.24,-461.5194091796875,0.5797427892684937,260.52741435,0.0003,546.9116821289062,8844,0.22508130967617035,1299633
,,,,,,,,,,,,,,,,,363,68,1289942,107.17,-488.92193603515625,-1.0460107326507568,255.29170739,0.0003,344.47662353515625,8848,0.23188814520835876,1299943
300.0,0,300.0,696.8130443934964,300.0,150000,577.063954328453,470.35176728641,0,300.0,0,0,0,103.36262900179054,3,300.0,736.4516289284015,,,1290000,,-468.1571960449219,-0.0130448117852211,,0.0003,1101.397705078125,,0.23013043403625488,
,,,,,,,,,,,,,,,,,11,57,1290664,113.72,-467.57098388671875,0.607069194316864,270.46731509999995,0.0003,623.825927734375,8852,0.2255558967590332,1300665
,,,,,,,,,,,,,,,,,24,58,1291410,120.39,-426.3125,-0.2941645085811615,286.21170418,0.0003,901.140625,8856,0.2269744873046875,1301411
,,,,,,,,,,,,,,,,,24,58,1291453,116.23,-458.2229919433594,0.4884074628353119,276.09627555000003,0.0003,1973.5947265625,8860,0.22742901742458344,1301454
,,,,,,,,,,,,,,,,,31,58,1291860,111.48,-483.5113830566406,-0.5663073658943176,271.04062934,0.0003,426.66632080078125,8864,0.22830677032470703,1301861
,,,,,,,,,,,,,,,,,38,59,1292270,113.78,-481.4298400878906,0.6196586489677429,278.79848849000007,0.0003,531.5140380859375,8868,0.23108236491680145,1302271
,,,,,,,,,,,,,,,,,50,61,1293119,118.27,-446.4233703613281,-0.17905867099761963,292.33018569,0.0003,840.5712890625,8872,0.2268364578485489,1303120
,,,,,,,,,,,,,,,,,58,62,1293631,122.58,-474.83319091796875,0.5410782694816589,300.04743471999996,0.0003,467.071533203125,8876,0.22870874404907227,1303632
,,,,,,,,,,,,,,,,,71,63,1294581,128.14,-426.2095947265625,-0.3464619517326355,310.82304317,0.0003,730.4267578125,8880,0.23631040751934052,1304582
,,,,,,,,,,,,,,,,,74,63,1294737,126.04,-500.3326721191406,0.13935673236846924,296.23716613,0.0003,707.2276000976562,8884,0.2338908463716507,1304738
,,,,,,,,,,,,,,,,,76,64,1294919,126.98,-423.2358093261719,-0.3405948281288147,298.1354844,0.0003,473.4078369140625,8888,0.23262423276901245,1304920
,,,,,,,,,,,,,,,,,81,64,1295225,126.29,-477.28424072265625,-0.6649966239929199,290.4016656,0.0003,460.9513244628906,8892,0.22714293003082275,1305226
,,,,,,,,,,,,,,,,,86,64,1295594,123.75,-470.3695373535156,-0.1125137209892273,280.84102202,0.0003,6498.92529296875,8896,0.2277536690235138,1305595
,,,,,,,,,,,,,,,,,104,65,1296778,131.49,-437.69384765625,0.20600247383117676,291.74997886999995,0.0003,3048.43212890625,8900,0.22889645397663116,1306779
,,,,,,,,,,,,,,,,,106,64,1296909,129.4,-437.7984313964844,0.3301239609718323,284.85898514,0.0003,773.2438354492188,8904,0.2261740267276764,1306910
,,,,,,,,,,,,,,,,,127,65,1298344,137.18,-445.0024108886719,-0.08743320405483246,295.54276518,0.0003,470.26141357421875,8908,0.22313614189624786,1308345
,,,,,,,,,,,,,,,,,133,65,1298758,136.92,-465.30133056640625,0.6318303346633911,305.24267015,0.0003,637.3263549804688,8912,0.22298449277877808,1308759
,,,,,,,,,,,,,,,,,169,66,1301259,152.65,-465.25299072265625,0.6228394508361816,333.86818565,0.0003,822.994873046875,8916,0.22334742546081543,1311260
,,,,,,,,,,,,,,,,,171,66,1301382,148.42,-389.5445556640625,0.10912588983774185,318.74047035,0.0003,520.3673706054688,8920,0.22577504813671112,1311383
,,,,,,,,,,,,,,,,,173,66,1301487,145.89,-487.7313537597656,0.2005925178527832,302.63198796999995,0.0003,750.3687744140625,8924,0.22485734522342682,1311488
,,,,,,,,,,,,,,,,,187,66,1302492,152.17,-432.4413146972656,-0.014612527564167976,319.40294086,0.0003,732.3765258789062,8928,0.2220139056444168,1312493
,,,,,,,,,,,,,,,,,190,66,1302691,150.31,-413.3040771484375,-0.20018620789051056,309.25273672,0.0003,757.908447265625,8932,0.22083625197410583,1312692
,,,,,,,,,,,,,,,,,193,66,1302872,142.22,-433.8183288574219,0.025687888264656067,280.89208666,0.0003,1040.034423828125,8936,0.22036150097846985,1312873
,,,,,,,,,,,,,,,,,195,66,1303033,137.59,-411.7730407714844,-0.5981059074401855,261.03194435,0.0003,731.9097900390625,8940,0.22206330299377441,1313034
,,,,,,,,,,,,,,,,,201,66,1303392,137.6,-467.8001708984375,0.7602710723876953,263.82169615,0.0003,551.678955078125,8944,0.22711411118507385,1313393
,,,,,,,,,,,,,,,,,207,66,1303859,139.17,-393.83428955078125,-0.5619491338729858,264.25388242,0.0003,549.7026977539062,8948,0.22359786927700043,1313860
,,,,,,,,,,,,,,,,,232,66,1305565,149.01,-452.0557861328125,-0.8348827362060547,298.24673904,0.0003,624.2271728515625,8952,0.23304742574691772,1315566
,,,,,,,,,,,,,,,,,238,67,1306008,145.98,-458.0223083496094,-0.33359602093696594,305.14411899,0.0003,499.76287841796875,8956,0.22989165782928467,1316009
,,,,,,,,,,,,,,,,,244,67,1306415,149.62,-455.84100341796875,-0.19412267208099365,312.39733197000004,0.0003,3144.8115234375,8960,0.23417697846889496,1316416
,,,,,,,,,,,,,,,,,248,67,1306674,148.14,-404.1209716796875,-0.7875795364379883,301.490446,0.0003,964.67919921875,8964,0.23337353765964508,1316675
,,,,,,,,,,,,,,,,,250,67,1306817,145.47,-398.2352600097656,-0.16609376668930054,290.94938274000003,0.0003,556.3946533203125,8968,0.234414741396904,1316818
,,,,,,,,,,,,,,,,,261,67,1307573,144.54,-477.1832275390625,0.8376251459121704,274.45467209,0.0003,797.7308959960938,8972,0.2279449701309204,1317574
,,,,,,,,,,,,,,,,,267,67,1307976,143.45,-470.18023681640625,0.4926150441169739,268.50273323,0.0003,598.2539672851562,8976,0.22570472955703735,1317977
,,,,,,,,,,,,,,,,,269,67,1308073,134.92,-479.2796936035156,0.5732651948928833,247.38225237999998,0.0003,378.903564453125,8980,0.2256575971841812,1318074
,,,,,,,,,,,,,,,,,275,67,1308494,137.57,-376.0142822265625,-0.12803782522678375,252.43379476,0.0003,613.24072265625,8984,0.22525900602340698,1318495
,,,,,,,,,,,,,,,,,279,67,1308800,138.81,-415.08428955078125,-0.3618791699409485,256.05341168999996,0.0003,575.1341552734375,8988,0.22287341952323914,1318801
,,,,,,,,,,,,,,,,,285,67,1309208,139.83,-412.8135681152344,0.2427227944135666,259.72371423,0.0003,1180.522705078125,8992,0.22636723518371582,1319209
,,,,,,,,,,,,,,,,,289,67,1309482,138.88,-443.9808349609375,-0.46244290471076965,266.51144079,0.0003,717.6629638671875,8996,0.22919823229312897,1319483
,,,,,,,,,,,,,,,,,308,67,1310798,140.2,-461.6588134765625,-0.05840666592121124,279.14280765,0.0003,604.500244140625,9000,0.22933538258075714,1320799
,,,,,,,,,,,,,,,,,312,67,1311055,141.46,-388.3349609375,0.3186820149421692,285.88770076000003,0.0003,473.21728515625,9004,0.22833317518234253,1321056
,,,,,,,,,,,,,,,,,320,67,1311558,132.14,-435.23345947265625,0.9934415817260742,274.9511596,0.0003,544.6401977539062,9008,0.2352101355791092,1321559
,,,,,,,,,,,,,,,,,332,67,1312368,136.1,-429.681640625,0.6471273303031921,287.26136842,0.0003,726.9114990234375,9012,0.2248978316783905,1322369
,,,,,,,,,,,,,,,,,345,67,1313183,119.24,-423.36981201171875,-0.2205313891172409,251.96924852,0.0003,532.72900390625,9016,0.23111706972122192,1323184
,,,,,,,,,,,,,,,,,346,67,1313259,118.77,-502.45538330078125,0.2597813904285431,251.6470479,0.0003,637.3828125,9020,0.2321004867553711,1323260
,,,,,,,,,,,,,,,,,363,67,1314491,130.04,-438.7861328125,0.1347329020500183,285.15971778999995,0.0003,1503.341064453125,9024,0.22422192990779877,1324492
,,,,,,,,,,,,,,,,,366,67,1314687,121.95,-479.713134765625,0.1811494678258896,259.63164502,0.0003,663.6771240234375,9028,0.22373005747795105,1324688
300.0,0,300.0,703.3626579286383,300.0,175000,61.88608892870783,597.1466607584306,0,300.0,0,0,0,134.26002817926474,3,300.0,859.667468797489,,,1315000,,-430.3421936035156,-0.41975700855255127,,0.0003,523.1043090820312,,0.22737805545330048,
,,,,,,,,,,,,,,,,,1,73,1315131,124.4,-447.9476318359375,-0.2811696529388428,264.67438049999987,0.0003,731.2991943359375,9032,0.2259189933538437,1325132
,,,,,,,,,,,,,,,,,10,69,1315718,128.46,-428.3404846191406,0.17454689741134644,285.70455423999994,0.0003,1108.3779296875,9036,0.2235681712627411,1325719
,,,,,,,,,,,,,,,,,17,70,1316245,132.12,-415.06781005859375,-0.22088119387626648,288.02931106999995,0.0003,11294.48828125,9040,0.22615520656108856,1326246
,,,,,,,,,,,,,,,,,19,70,1316401,130.09,-423.6065673828125,-0.035865336656570435,275.54219190000003,0.0003,856.6630859375,9044,0.22434082627296448,1326402
,,,,,,,,,,,,,,,,,22,70,1316570,127.11,-415.5597839355469,0.02986818552017212,271.49252903,0.0003,1017.3349609375,9048,0.22917820513248444,1326571
,,,,,,,,,,,,,,,,,27,70,1316898,113.33,-498.64715576171875,0.35231271386146545,229.69108386000005,0.0003,807.31689453125,9052,0.23108947277069092,1326899
,,,,,,,,,,,,,,,,,33,70,1317349,113.41,-537.3868408203125,0.49283599853515625,213.79395559999998,0.0003,2486.504150390625,9056,0.2381349354982376,1327350
,,,,,,,,,,,,,,,,,36,70,1317544,111.29,-437.130126953125,-0.6415722370147705,211.19085411,0.0003,532.2073364257812,9060,0.2348518669605255,1327545
,,,,,,,,,,,,,,,,,41,70,1317949,112.75,-467.1353454589844,0.44510066509246826,217.31900819000003,0.0003,652.6483154296875,9064,0.2293785959482193,1327950
,,,,,,,,,,,,,,,,,47,70,1318350,115.33,-412.1998596191406,0.3660275638103485,226.52866821000003,0.0003,596.6516723632812,9068,0.22488391399383545,1328351
,,,,,,,,,,,,,,,,,54,70,1318814,112.41,-433.62646484375,0.1405196636915207,234.49421167,0.0003,466.02203369140625,9072,0.23349380493164062,1328815
,,,,,,,,,,,,,,,,,57,70,1319064,110.88,-490.8786315917969,-0.6264575719833374,243.9382227,0.0003,589.0045166015625,9076,0.22953903675079346,1329065
,,,,,,,,,,,,,,,,,67,70,1319752,116.79,-411.4002685546875,-0.46585237979888916,259.2818801,0.0003,751.43212890625,9080,0.23385842144489288,1329753
,,,,,,,,,,,,,,,,,71,70,1320041,115.47,-430.6678161621094,0.07618170976638794,259.31172065,0.0003,899.7908935546875,9084,0.22928762435913086,1330042
,,,,,,,,,,,,,,,,,75,70,1320293,114.93,-399.3893127441406,-0.4474751949310303,258.17850213,0.0003,702.9893798828125,9088,0.22787174582481384,1330294
,,,,,,,,,,,,,,,,,80,70,1320652,114.44,-453.44403076171875,-0.1920223832130432,252.64914054999997,0.0003,914.886962890625,9092,0.2266879379749298,1330653
,,,,,,,,,,,,,,,,,82,70,1320827,113.45,-435.7663269042969,0.1195431500673294,245.41643568,0.0003,763.7586669921875,9096,0.22727830708026886,1330828
,,,,,,,,,,,,,,,,,85,70,1321041,102.43,-486.81622314453125,0.08017921447753906,219.55986652000004,0.0003,3650.5908203125,9100,0.22913017868995667,1331042
,,,,,,,,,,,,,,,,,90,70,1321345,102.9,-416.0124816894531,-1.0415022373199463,224.86060266000004,0.0003,561.915771484375,9104,0.22683386504650116,1331346
,,,,,,,,,,,,,,,,,91,70,1321478,99.2,-422.789306640625,-1.0300911664962769,210.18055174,0.0003,3390.0625,9108,0.22506526112556458,1331479
,,,,,,,,,,,,,,,,,96,70,1321778,94.1,-487.68963623046875,0.8070911765098572,186.55850342000005,0.0003,861.5928955078125,9112,0.22560417652130127,1331779
,,,,,,,,,,,,,,,,,98,70,1321926,87.43,-450.90447998046875,0.09321139007806778,170.97782883,0.0003,791.32080078125,9116,0.22812780737876892,1331927
,,,,,,,,,,,,,,,,,110,70,1322795,95.36,-442.3343505859375,0.18844206631183624,200.65833665,0.0003,679.7481079101562,9120,0.23259583115577698,1332796
,,,,,,,,,,,,,,,,,122,70,1323567,90.76,-446.5087585449219,0.863098680973053,188.08424872,0.0003,564.577880859375,9124,0.22702443599700928,1333568
,,,,,,,,,,,,,,,,,137,70,1324610,99.23,-468.0679626464844,0.21841707825660706,214.23444024999998,0.0003,3469.1240234375,9128,0.2298411875963211,1334611
,,,,,,,,,,,,,,,,,142,70,1324960,98.29,-476.6464538574219,0.10372745990753174,220.75054351000006,0.0003,1916.972412109375,9132,0.23198920488357544,1334961
,,,,,,,,,,,,,,,,,154,69,1325790,100.72,-435.6942138671875,-0.044240936636924744,222.94989235999998,0.0003,564.619873046875,9136,0.23748809099197388,1335791
,,,,,,,,,,,,,,,,,173,69,1327057,108.12,-398.3296203613281,-0.5415679812431335,253.04745845999997,0.0003,702.91796875,9140,0.2404867708683014,1337058
,,,,,,,,,,,,,,,,,177,69,1327363,109.62,-481.1282653808594,-0.705556333065033,260.04599687000007,0.0003,644.2899169921875,9144,0.23891058564186096,1337364
,,,,,,,,,,,,,,,,,181,69,1327650,110.8,-433.03466796875,0.6099203824996948,264.28975968000003,0.0003,973.0795288085938,9148,0.24056871235370636,1337651
,,,,,,,,,,,,,,,,,190,69,1328243,113.45,-442.8095703125,0.47891733050346375,270.64506735,0.0003,1861.8095703125,9152,0.23862408101558685,1338244
,,,,,,,,,,,,,,,,,203,69,1329110,117.61,-403.4697570800781,0.517069935798645,282.34469114,0.0003,2834.166015625,9156,0.23433193564414978,1339111
,,,,,,,,,,,,,,,,,217,69,1330140,125.96,-536.8934326171875,0.46122586727142334,304.44804849999997,0.0003,680.1373291015625,9160,0.24113330245018005,1340141
,,,,,,,,,,,,,,,,,223,69,1330526,125.77,-453.31658935546875,-0.5782109498977661,305.77223015,0.0003,595.0831909179688,9164,0.23208889365196228,1340527
,,,,,,,,,,,,,,,,,230,69,1331026,126.76,-514.3087768554688,0.5939333438873291,314.16281198,0.0003,1175.4149169921875,9168,0.23284132778644562,1341027
,,,,,,,,,,,,,,,,,233,69,1331205,123.91,-404.6002197265625,-0.9023624062538147,301.59798394999996,0.0003,2147.869140625,9172,0.23486697673797607,1341206
,,,,,,,,,,,,,,,,,238,69,1331550,124.86,-490.3873596191406,0.3936520218849182,299.25180023,0.0003,663.841796875,9176,0.23660936951637268,1341551
,,,,,,,,,,,,,,,,,261,69,1333108,133.56,-458.77203369140625,0.4021334648132324,314.70916778,0.0003,777.1342163085938,9180,0.23679080605506897,1343109
,,,,,,,,,,,,,,,,,266,69,1333417,133.76,-456.36346435546875,0.6069052815437317,322.04276103999996,0.0003,698.307373046875,9184,0.23612339794635773,1343418
,,,,,,,,,,,,,,,,,278,69,1334234,139.41,-419.8135986328125,0.6785067319869995,342.45744405,0.0003,795.9491577148438,9188,0.23843802511692047,1344235
,,,,,,,,,,,,,,,,,283,68,1334552,139.0,-448.28778076171875,-0.6447329521179199,345.5350539,0.0003,773.898193359375,9192,0.24118740856647491,1344553
,,,,,,,,,,,,,,,,,289,68,1334976,141.49,-448.7374267578125,0.7067711353302002,347.53326938,0.0003,1050.3359375,9196,0.23559123277664185,1344977
,,,,,,,,,,,,,,,,,296,68,1335443,144.02,-461.05401611328125,-0.0027840733528137207,342.43873959999996,0.0003,857.1641845703125,9200,0.22926512360572815,1345444
,,,,,,,,,,,,,,,,,324,68,1337327,159.82,-450.0202331542969,-0.09884054958820343,370.73820293999995,0.0003,698.9769287109375,9204,0.22664238512516022,1347328
,,,,,,,,,,,,,,,,,326,68,1337505,160.27,-458.4156799316406,-0.8258711099624634,372.44694352,0.0003,818.6643676757812,9208,0.2283252477645874,1347506
,,,,,,,,,,,,,,,,,330,68,1337750,159.72,-393.673095703125,-0.10746686905622482,374.34783286000015,0.0003,612.9049072265625,9212,0.22521357238292694,1347751
,,,,,,,,,,,,,,,,,333,68,1337955,160.29,-473.8079833984375,0.4126763343811035,378.03064403999997,0.0003,550.4849853515625,9216,0.22330671548843384,1347956
,,,,,,,,,,,,,,,,,337,68,1338258,154.63,-444.8167419433594,-0.3556516766548157,352.13636341999995,0.0003,557.0594482421875,9220,0.22497332096099854,1348259
,,,,,,,,,,,,,,,,,348,68,1339017,154.5,-427.89666748046875,0.44975781440734863,349.0190833,0.0003,879.33642578125,9224,0.2309143841266632,1349018
,,,,,,,,,,,,,,,,,360,68,1339797,151.87,-459.680419921875,0.14617830514907837,342.3536730999999,0.0003,745.9873046875,9228,0.2394936978816986,1349798
300.0,0,300.0,715.1882897722029,300.0,200000,516.5825496045514,614.5714167634206,0,300.0,0,0,0,138.172110447522,3,300.0,1040.0675425823426,,,1340000,,-475.8394775390625,-0.41921818256378174,,0.0003,410.5038757324219,,0.2409784197807312,
,,,,,,,,,,,,,,,,,3,66,1340247,152.87,-426.57269287109375,0.176311194896698,335.90494212,0.0003,3986.13720703125,9232,0.23940560221672058,1350248
,,,,,,,,,,,,,,,,,10,65,1340698,149.08,-413.10992431640625,0.11413206160068512,322.45404146000004,0.0003,686.509033203125,9236,0.22947794198989868,1350699
,,,,,,,,,,,,,,,,,17,66,1341133,140.76,-478.8115234375,-0.2263089120388031,296.51511904,0.0003,372.01025390625,9240,0.23835305869579315,1351134
,,,,,,,,,,,,,,,,,19,66,1341259,138.96,-437.52978515625,-0.02730078250169754,286.54025026,0.0003,667.5980224609375,9244,0.23739095032215118,1351260
,,,,,,,,,,,,,,,,,30,66,1342045,143.95,-627.501953125,0.49776166677474976,296.56857068,0.0003,1318.72802734375,9248,0.2273808717727661,1352046
,,,,,,,,,,,,,,,,,39,67,1342673,144.3,-486.37109375,-0.4684777557849884,299.14390481,0.0003,564.9669189453125,9252,0.23544178903102875,1352674
,,,,,,,,,,,,,,,,,55,67,1343767,146.57,-519.6277465820312,1.1472619771957397,311.48096321,0.0003,576.939208984375,9256,0.23483529686927795,1353768
,,,,,,,,,,,,,,,,,60,67,1344110,139.7,-519.5964965820312,-0.07755066454410553,297.11728938,0.0003,1451.4111328125,9260,0.23587945103645325,1354111
,,,,,,,,,,,,,,,,,68,67,1344596,140.7,-479.48101806640625,0.6322565078735352,291.70578116,0.0003,2285.32958984375,9264,0.23471897840499878,1354597
,,,,,,,,,,,,,,,,,72,67,1344926,139.0,-550.215576171875,0.6652770042419434,278.47030272,0.0003,614.5587158203125,9268,0.24007658660411835,1354927
,,,,,,,,,,,,,,,,,82,67,1345563,143.58,-458.1227111816406,-0.7078300714492798,293.85804428,0.0003,645.6627197265625,9272,0.23115558922290802,1355564
,,,,,,,,,,,,,,,,,96,67,1346552,150.02,-500.4925537109375,0.08128201961517334,315.06976884999995,0.0003,545.9066162109375,9276,0.22958588600158691,1356553
,,,,,,,,,,,,,,,,,114,68,1347822,147.14,-497.4920654296875,-0.3004644811153412,308.30428993000004,0.0003,634.04833984375,9280,0.24019324779510498,1357823
,,,,,,,,,,,,,,,,,118,68,1348051,146.34,-426.558349609375,-0.7327089905738831,301.3308256,0.0003,2970.88720703125,9284,0.23693418502807617,1358052
,,,,,,,,,,,,,,,,,124,68,1348464,142.3,-468.65972900390625,1.0863549709320068,289.47239429999996,0.0003,537.8857421875,9288,0.24162939190864563,1358465
,,,,,,,,,,,,,,,,,130,68,1348901,143.49,-454.2079772949219,0.7447451949119568,301.0966825,0.0003,1727.210205078125,9292,0.24502554535865784,1358902
,,,,,,,,,,,,,,,,,135,68,1349235,142.59,-474.8768310546875,0.20961439609527588,302.14099860000005,0.0003,466.9731750488281,9296,0.24154025316238403,1359236
,,,,,,,,,,,,,,,,,138,68,1349445,140.02,-506.6764221191406,-0.110344298183918,306.10069107000004,0.0003,1665.3533935546875,9300,0.24022145569324493,1359446
,,,,,,,,,,,,,,,,,143,68,1349770,124.43,-556.4631958007812,1.054084062576294,269.76623801,0.0003,721.1489868164062,9304,0.24265891313552856,1359771
,,,,,,,,,,,,,,,,,149,67,1350165,126.6,-458.0367736816406,0.35017597675323486,279.52191364,0.0003,457.9677734375,9308,0.24645690619945526,1360166
,,,,,,,,,,,,,,,,,160,68,1350912,131.62,-508.5606689453125,-0.14317676424980164,290.19927241,0.0003,942.7753295898438,9312,0.24329954385757446,1360913
,,,,,,,,,,,,,,,,,172,68,1351784,138.29,-500.093017578125,-0.16680940985679626,311.22074632,0.0003,707.3692016601562,9316,0.23889176547527313,1361785
,,,,,,,,,,,,,,,,,184,68,1352587,143.29,-484.6275939941406,0.08414562046527863,329.27334314000007,0.0003,718.51806640625,9320,0.22981315851211548,1362588
,,,,,,,,,,,,,,,,,191,68,1353062,140.45,-436.3068542480469,-0.055790841579437256,322.38737815999997,0.0003,876.9630126953125,9324,0.24524052441120148,1363063
,,,,,,,,,,,,,,,,,196,68,1353448,136.51,-529.8140258789062,-0.03147438168525696,309.53393198000003,0.0003,696.252685546875,9328,0.23818323016166687,1363449
,,,,,,,,,,,,,,,,,206,68,1354190,139.43,-445.9180908203125,-0.7762554287910461,314.04088786,0.0003,681.1212158203125,9332,0.23909686505794525,1364191
,,,,,,,,,,,,,,,,,207,68,1354248,135.5,-446.6204833984375,0.9631006717681885,303.28855454999996,0.0003,5674.2998046875,9336,0.2379182130098343,1364249
,,,,,,,,,,,,,,,,,213,68,1354685,135.52,-463.0386657714844,-0.2849116921424866,303.0707804,0.0003,924.25048828125,9340,0.24056780338287354,1364686
,,,,,,,,,,,,,,,,,216,68,1354892,136.33,-567.2357177734375,0.10043208301067352,307.94997251000007,0.0003,1646.8958740234375,9344,0.2368314564228058,1364893
,,,,,,,,,,,,,,,,,221,69,1355349,133.04,-483.02154541015625,0.7314220666885376,300.78678069,0.0003,607.1038818359375,9348,0.24177388846874237,1365350
,,,,,,,,,,,,,,,,,226,69,1355661,129.88,-389.7781066894531,-0.6998037099838257,290.65483558,0.0003,1326.455810546875,9352,0.245298832654953,1365662
,,,,,,,,,,,,,,,,,236,69,1356415,126.48,-458.9360046386719,-0.15321826934814453,282.66501012000003,0.0003,884.0592651367188,9356,0.2425587922334671,1366416
,,,,,,,,,,,,,,,,,240,69,1356706,125.96,-450.3233642578125,-0.05036885663866997,275.91427837,0.0003,516.8280639648438,9360,0.23817093670368195,1366707
,,,,,,,,,,,,,,,,,243,69,1356927,123.31,-518.7523803710938,0.34140944480895996,275.68498469,0.0003,637.2534790039062,9364,0.23774948716163635,1366928
,,,,,,,,,,,,,,,,,259,69,1358134,132.08,-501.20599365234375,-0.1952083706855774,290.37111393,0.0003,846.9640502929688,9368,0.24263939261436462,1368135
,,,,,,,,,,,,,,,,,268,70,1358820,132.57,-436.87109375,0.0019553005695343018,294.83108872,0.0003,591.0526733398438,9372,0.24219916760921478,1368821
,,,,,,,,,,,,,,,,,275,70,1359293,127.41,-478.5166320800781,-0.31944528222084045,278.1567074799999,0.0003,680.0809326171875,9376,0.23520517349243164,1369294
,,,,,,,,,,,,,,,,,277,70,1359464,116.42,-522.2883911132812,0.4357651472091675,257.71244033000005,0.0003,896.7146606445312,9380,0.239532008767128,1369465
,,,,,,,,,,,,,,,,,279,70,1359611,115.6,-507.68841552734375,-0.03194497525691986,254.97211498999997,0.0003,3642.954833984375,9384,0.23919160664081573,1369612
,,,,,,,,,,,,,,,,,304,70,1361446,129.82,-530.5325317382812,-0.13198310136795044,264.37757084000003,0.0003,735.3280639648438,9388,0.23847247660160065,1371447
,,,,,,,,,,,,,,,,,310,70,1361899,129.98,-454.57415771484375,-0.04969700425863266,257.27042059,0.0003,2861.2578125,9392,0.23804816603660583,1371900
,,,,,,,,,,,,,,,,,321,70,1362708,134.73,-473.3681945800781,0.774474024772644,278.93649106000004,0.0003,536.4512939453125,9396,0.2338748574256897,1372709
,,,,,,,,,,,,,,,,,335,70,1363645,142.0,-487.75750732421875,0.17995814979076385,288.83106925000004,0.0003,601.560302734375,9400,0.2448137253522873,1373646
,,,,,,,,,,,,,,,,,346,70,1364404,146.34,-468.86883544921875,0.18779703974723816,301.12626069000004,0.0003,736.1033935546875,9404,0.24492692947387695,1374405
,,,,,,,,,,,,,,,,,352,70,1364833,146.68,-465.8431091308594,-0.6088284254074097,306.55559519,0.0003,692.087158203125,9408,0.24690547585487366,1374834
300.0,0,300.0,704.0700718005352,300.0,225000,49.1852645487802,600.043830253015,0,300.0,0,0,0,114.4755223556546,3,300.0,498.65534033353606,,,1365000,,-500.19732666015625,0.13284102082252502,,0.0003,1071.240234375,,0.24293957650661469,
,,,,,,,,,,,,,,,,,0,70,1365027,141.15,-515.3726806640625,0.22628232836723328,294.53921672,0.0003,588.3209228515625,9412,0.24372455477714539,1375028
,,,,,,,,,,,,,,,,,6,70,1365443,136.59,-481.9996643066406,1.252769947052002,281.42909404,0.0003,1205.898681640625,9416,0.24258099496364594,1375444
,,,,,,,,,,,,,,,,,9,70,1365702,131.15,-441.9176940917969,0.4704737067222595,267.08409255,0.0003,434.62664794921875,9420,0.24542291462421417,1375703
,,,,,,,,,,,,,,,,,15,69,1366063,130.01,-433.27691650390625,0.11252869665622711,262.69494413999996,0.0003,918.5157470703125,9424,0.2485623061656952,1376064
,,,,,,,,,,,,,,,,,24,69,1366712,132.64,-375.21673583984375,-0.5745820999145508,270.9853759,0.0003,862.9173583984375,9428,0.24368815124034882,1376713
,,,,,,,,,,,,,,,,,32,69,1367272,130.82,-446.0885925292969,0.340667188167572,267.62746733999995,0.0003,511.9122314453125,9432,0.24524343013763428,1377273
,,,,,,,,,,,,,,,,,57,69,1368955,147.07,-481.527099609375,-0.44189029932022095,308.01521162999995,0.0003,1260.24462890625,9436,0.24813435971736908,1378956
,,,,,,,,,,,,,,,,,62,69,1369319,146.34,-385.0555725097656,-0.6889171600341797,303.78389905,0.0003,536.0248413085938,9440,0.2524664103984833,1379320
,,,,,,,,,,,,,,,,,75,69,1370207,153.15,-531.980224609375,-0.22227321565151215,311.21396294000004,0.0003,534.4401245117188,9444,0.2518734633922577,1380208
,,,,,,,,,,,,,,,,,79,69,1370507,151.58,-390.81134033203125,-0.15954501926898956,304.43176905,0.0003,724.2572021484375,9448,0.2523726522922516,1380508
,,,,,,,,,,,,,,,,,85,69,1370938,152.77,-458.91033935546875,-0.1613835096359253,311.72068970000004,0.0003,699.08740234375,9452,0.2495627999305725,1380939
,,,,,,,,,,,,,,,,,91,69,1371333,149.18,-367.59100341796875,-0.13045839965343475,304.37807031999995,0.0003,865.0883178710938,9456,0.2442908138036728,1381334
,,,,,,,,,,,,,,,,,111,68,1372666,159.6,-450.0718994140625,-0.7294361591339111,327.78190161,0.0003,972.7141723632812,9460,0.25306764245033264,1382667
,,,,,,,,,,,,,,,,,124,68,1373513,165.86,-538.7853393554688,0.06340809911489487,342.45768045,0.0003,1262.330322265625,9464,0.25682345032691956,1383514
,,,,,,,,,,,,,,,,,129,68,1373883,157.49,-460.210693359375,-0.8993927240371704,336.0332107700001,0.0003,408.224365234375,9468,0.25665828585624695,1383884
,,,,,,,,,,,,,,,,,141,69,1374861,160.41,-487.52734375,1.1075761318206787,337.35408123,0.0003,2290.42626953125,9472,0.25693100690841675,1384862
,,,,,,,,,,,,,,,,,144,69,1375065,157.72,-449.4425354003906,-0.05971498787403107,328.82536132,0.0003,503.89178466796875,9476,0.2580614984035492,1385066
,,,,,,,,,,,,,,,,,145,69,1375147,156.83,-413.0719299316406,0.06646300852298737,324.03779086,0.0003,1356.184326171875,9480,0.2607786953449249,1385148
,,,,,,,,,,,,,,,,,148,69,1375370,157.59,-432.2777404785156,-0.548946738243103,323.3636063800001,0.0003,627.3289794921875,9484,0.258126825094223,1385371
,,,,,,,,,,,,,,,,,155,70,1375909,144.63,-514.9298095703125,-0.2564641535282135,308.37085473999997,0.0003,872.7723388671875,9488,0.25520288944244385,1385910
,,,,,,,,,,,,,,,,,169,70,1376950,150.51,-448.2293395996094,1.0285749435424805,319.46526647999997,0.0003,811.4434814453125,9492,0.25325366854667664,1386951
,,,,,,,,,,,,,,,,,176,70,1377504,147.96,-516.693603515625,-0.25471895933151245,298.24585099,0.0003,1282.2728271484375,9496,0.25305861234664917,1387505
,,,,,,,,,,,,,,,,,182,70,1377980,143.35,-410.3238220214844,-0.9865314960479736,300.24981861,0.0003,1314.1224365234375,9500,0.2492770552635193,1387981
,,,,,,,,,,,,,,,,,184,71,1378121,137.17,-533.2518310546875,0.07521876692771912,286.43941151,0.0003,617.5154418945312,9504,0.24886837601661682,1388122
,,,,,,,,,,,,,,,,,190,71,1378579,137.46,-507.9906921386719,0.8582248687744141,280.32114963,0.0003,906.3865966796875,9508,0.2454119324684143,1388580
,,,,,,,,,,,,,,,,,195,71,1378944,139.17,-518.8287353515625,-0.08077685534954071,293.9392670599999,0.0003,575.9451293945312,9512,0.24710826575756073,1388945
,,,,,,,,,,,,,,,,,200,71,1379323,138.8,-562.7621459960938,0.82245934009552,293.18615974999994,0.0003,795.081787109375,9516,0.2469651699066162,1389324
,,,,,,,,,,,,,,,,,201,71,1379445,137.43,-485.05194091796875,0.20605161786079407,287.33058796,0.0003,6718.826171875,9520,0.2481202632188797,1389446
,,,,,,,,,,,,,,,,,213,71,1380287,142.24,-500.7030029296875,0.6642208099365234,299.78420936000003,0.0003,913.63330078125,9524,0.25300464034080505,1390288
,,,,,,,,,,,,,,,,,218,71,1380639,139.27,-469.9059143066406,0.7176815867424011,292.21628542999997,0.0003,778.2203979492188,9528,0.2524700462818146,1390640
,,,,,,,,,,,,,,,,,225,71,1381073,138.01,-433.94256591796875,0.061640530824661255,291.50339848,0.0003,15388.7216796875,9532,0.2588467299938202,1391074
,,,,,,,,,,,,,,,,,241,71,1382147,131.92,-483.27911376953125,0.2798537015914917,282.27944103,0.0003,1353.361328125,9536,0.24737004935741425,1392148
,,,,,,,,,,,,,,,,,250,70,1382753,134.34,-552.3050537109375,0.7132214307785034,287.80173282000004,0.0003,758.646240234375,9540,0.2518477439880371,1392754
,,,,,,,,,,,,,,,,,263,70,1383564,133.57,-502.41107177734375,-0.07579748332500458,299.95975876000006,0.0003,789.2288818359375,9544,0.26074326038360596,1393565
,,,,,,,,,,,,,,,,,269,70,1383924,134.17,-440.21734619140625,-0.6573190689086914,304.88418997,0.0003,814.9366455078125,9548,0.26140260696411133,1393925
,,,,,,,,,,,,,,,,,272,70,1384164,132.26,-520.5345458984375,0.4978996515274048,296.12987364,0.0003,555.8104858398438,9552,0.2582423985004425,1394165
,,,,,,,,,,,,,,,,,275,70,1384347,130.14,-457.484375,-0.4205729365348816,281.43899352000005,0.0003,772.9532470703125,9556,0.2553369402885437,1394348
,,,,,,,,,,,,,,,,,291,70,1385434,127.68,-395.783447265625,0.08248673379421234,272.27379191000006,0.0003,935.945068359375,9560,0.2530965507030487,1395435
,,,,,,,,,,,,,,,,,316,70,1387271,137.58,-370.5130615234375,-1.1376087665557861,300.07011802,0.0003,620.0986938476562,9564,0.24706991016864777,1397272
,,,,,,,,,,,,,,,,,319,70,1387420,135.37,-507.8858642578125,0.2669418454170227,289.88970639,0.0003,975.0940551757812,9568,0.24495714902877808,1397421
,,,,,,,,,,,,,,,,,337,70,1388660,137.99,-462.0198059082031,-1.1379139423370361,292.64820574,0.0003,1166.345703125,9572,0.2481488287448883,1398661
,,,,,,,,,,,,,,,,,342,70,1389014,139.49,-428.37884521484375,-1.1588106155395508,300.15761881000003,0.0003,1297.91015625,9576,0.24538569152355194,1399015
300.0,0,300.0,658.3224424857286,300.0,250000,67.81304408805272,496.0709940132321,0,300.0,0,0,0,447.6062263487793,3,300.0,289.6691525117194,,,1390000,,-387.50872802734375,0.17659001052379608,,0.0003,735.234619140625,,0.2475389838218689,
,,,,,,,,,,,,,,,,,11,72,1390866,157.19,-414.7123718261719,-0.12027325481176376,329.8662049,0.0003,592.0435791015625,9580,0.24681346118450165,1400867
,,,,,,,,,,,,,,,,,18,73,1391365,159.95,-463.13421630859375,0.48602646589279175,346.63927208999996,0.0003,717.909912109375,9584,0.25254473090171814,1401366
,,,,,,,,,,,,,,,,,19,74,1391477,155.68,-487.14019775390625,0.5378279089927673,339.85524723,0.0003,872.3685302734375,9588,0.2520090341567993,1401478
,,,,,,,,,,,,,,,,,27,74,1392061,151.11,-433.09100341796875,-0.8156483769416809,326.94145739000004,0.0003,660.793701171875,9592,0.24754644930362701,1402062
,,,,,,,,,,,,,,,,,34,73,1392545,150.41,-419.03173828125,0.3112708330154419,325.34701912,0.0003,586.123779296875,9596,0.24713389575481415,1402546
,,,,,,,,,,,,,,,,,67,69,1394752,167.72,-433.30194091796875,-0.47937917709350586,361.60014369000004,0.0003,880.4058837890625,9600,0.24622435867786407,1404753
,,,,,,,,,,,,,,,,,69,69,1394886,167.65,-534.9732666015625,0.4962444305419922,361.38253846999993,0.0003,793.151123046875,9604,0.24386094510555267,1404887
,,,,,,,,,,,,,,,,,73,69,1395138,165.59,-527.6097412109375,0.4384234845638275,354.38253167999994,0.0003,1508.512451171875,9608,0.24554777145385742,1405139
,,,,,,,,,,,,,,,,,80,69,1395568,166.24,-461.3201904296875,-0.23789431154727936,346.82371222999996,0.0003,726.895751953125,9612,0.2522103190422058,1405569
,,,,,,,,,,,,,,,,,86,69,1395995,166.72,-401.3270568847656,-0.51036536693573,348.27933188000003,0.0003,892.980712890625,9616,0.24995157122612,1405996
,,,,,,,,,,,,,,,,,96,69,1396658,172.13,-440.3194274902344,0.2722572088241577,355.91374262,0.0003,681.9366455078125,9620,0.23895201086997986,1406659
,,,,,,,,,,,,,,,,,113,68,1397792,175.05,-441.5098571777344,-0.2748890221118927,365.22379171,0.0003,499.2280578613281,9624,0.24088269472122192,1407793
,,,,,,,,,,,,,,,,,128,68,1398785,181.46,-438.7402648925781,-0.02135203778743744,377.04950013999996,0.0003,1718.5989990234375,9628,0.24190180003643036,1408786
,,,,,,,,,,,,,,,,,143,68,1399822,187.49,-477.67376708984375,-0.1589566469192505,385.72569955000006,0.0003,893.03857421875,9632,0.25016069412231445,1409823
,,,,,,,,,,,,,,,,,148,68,1400149,180.02,-480.44866943359375,-0.6637940406799316,360.3464437,0.0003,539.7042846679688,9636,0.2493790090084076,1410150
,,,,,,,,,,,,,,,,,154,68,1400555,178.02,-426.3311767578125,-0.32846879959106445,365.35955491,0.0003,409.2092590332031,9640,0.25578415393829346,1410556
,,,,,,,,,,,,,,,,,165,68,1401304,177.4,-459.5470886230469,-0.7045385837554932,355.3697465799999,0.0003,674.6220703125,9644,0.2494911104440689,1411305
,,,,,,,,,,,,,,,,,168,68,1401461,175.37,-405.94281005859375,-0.851962685585022,347.0365311,0.0003,490.09490966796875,9648,0.24664027988910675,1411462
,,,,,,,,,,,,,,,,,172,67,1401734,175.7,-414.19500732421875,-0.13931773602962494,349.24590835999993,0.0003,832.9349365234375,9652,0.24477599561214447,1411735
,,,,,,,,,,,,,,,,,178,67,1402106,177.59,-419.26300048828125,-0.3098485469818115,356.0447389,0.0003,968.931884765625,9656,0.2421768307685852,1412107
,,,,,,,,,,,,,,,,,186,67,1402611,171.77,-383.6551513671875,0.5612348318099976,347.64510842,0.0003,1022.6554565429688,9660,0.23971359431743622,1412612
,,,,,,,,,,,,,,,,,196,67,1403228,159.57,-465.6818542480469,-0.00015237927436828613,321.763087,0.0003,807.6754150390625,9664,0.24831847846508026,1413229
,,,,,,,,,,,,,,,,,207,67,1403978,165.58,-429.0935974121094,0.07413700222969055,334.87281267000003,0.0003,843.2572021484375,9668,0.24442453682422638,1413979
,,,,,,,,,,,,,,,,,209,67,1404116,154.56,-476.041259765625,0.16964063048362732,310.92197611000006,0.0003,964.6188354492188,9672,0.24313341081142426,1414117
,,,,,,,,,,,,,,,,,220,67,1404916,159.02,-476.4670715332031,0.9182648658752441,321.15554033999996,0.0003,742.8665771484375,9676,0.24372413754463196,1414917
,,,,,,,,,,,,,,,,,232,67,1405709,148.43,-364.5528869628906,-0.21604421734809875,305.61218781,0.0003,14009.33203125,9680,0.2539066672325134,1415710
,,,,,,,,,,,,,,,,,236,67,1406012,146.47,-338.6775817871094,-0.5906738042831421,290.44207915999993,0.0003,566.088623046875,9684,0.25479844212532043,1416013
,,,,,,,,,,,,,,,,,239,67,1406187,147.1,-447.364501953125,-0.7800605297088623,289.25202582000003,0.0003,987.9168090820312,9688,0.2502908706665039,1416188
,,,,,,,,,,,,,,,,,246,67,1406636,145.75,-426.7750549316406,1.3062206506729126,294.06498038999996,0.0003,2782.73779296875,9692,0.24183997511863708,1416637
,,,,,,,,,,,,,,,,,255,67,1407207,146.62,-401.63433837890625,-0.5278232097625732,297.48838328,0.0003,1403.343017578125,9696,0.2470223307609558,1417208
,,,,,,,,,,,,,,,,,259,67,1407471,127.19,-393.4251708984375,-0.16357901692390442,247.32749940000002,0.0003,797.8349609375,9700,0.2424580603837967,1417472
,,,,,,,,,,,,,,,,,266,67,1407935,130.49,-423.94512939453125,-0.16446547210216522,250.73362755000002,0.0003,2838.0615234375,9704,0.2472621351480484,1417936
,,,,,,,,,,,,,,,,,276,67,1408617,134.79,-448.5618896484375,-0.20566371083259583,264.48971809,0.0003,919.6038818359375,9708,0.25661322474479675,1418618
,,,,,,,,,,,,,,,,,281,67,1408903,133.35,-409.927490234375,-0.08015590161085129,260.06999939,0.0003,729.5233154296875,9712,0.25391650199890137,1418904
,,,,,,,,,,,,,,,,,307,67,1410605,146.1,-358.4073486328125,-0.2471381425857544,268.42385377,0.0003,725.0664672851562,9716,0.2387348711490631,1420606
,,,,,,,,,,,,,,,,,311,67,1410889,142.31,-471.5339050292969,1.1089465618133545,264.5494349,0.0003,723.1851806640625,9720,0.23854859173297882,1420890
,,,,,,,,,,,,,,,,,316,66,1411139,133.47,-379.3321838378906,0.17064189910888672,240.97019046000003,0.0003,981.3568725585938,9724,0.23689591884613037,1421140
,,,,,,,,,,,,,,,,,341,66,1412852,140.67,-540.7825927734375,1.2020808458328247,245.92734845999996,0.0003,852.7099609375,9728,0.24628086388111115,1422853
,,,,,,,,,,,,,,,,,345,66,1413094,132.72,-442.6814880371094,-0.8208484053611755,229.22897103,0.0003,670.9381103515625,9732,0.2500052750110626,1423095
,,,,,,,,,,,,,,,,,349,66,1413408,132.59,-396.3882141113281,0.3919011056423187,231.09236715,0.0003,997.5462646484375,9736,0.2521740198135376,1423409
,,,,,,,,,,,,,,,,,356,66,1413872,133.17,-466.27362060546875,-0.17128926515579224,218.3390691,0.0003,692.9170532226562,9740,0.25635454058647156,1423873
,,,,,,,,,,,,,,,,,362,67,1414273,129.69,-466.22918701171875,-0.37714633345603943,210.78719115999996,0.0003,684.7965698242188,9744,0.25770628452301025,1424274
300.0,0,300.0,666.6497730205245,300.0,275000,68.70361292470488,503.6707910783495,0,300.0,0,0,0,352.73805680395554,3,300.0,1062.9306044955704,,,1415000,,-489.1383056640625,0.25599405169487,,0.0003,957.5648193359375,,0.2555314898490906,
,,,,,,,,,,,,,,,,,11,68,1415782,143.21,-416.1504211425781,-0.4735766649246216,243.98339129999997,0.0003,818.08837890625,9748,0.2533050775527954,1425783
,,,,,,,,,,,,,,,,,23,68,1416573,148.39,-392.82171630859375,-0.1723272204399109,263.35176764,0.0003,1122.182861328125,9752,0.256382018327713,1426574
,,,,,,,,,,,,,,,,,24,68,1416658,145.52,-428.1587219238281,0.08052279055118561,256.82879819,0.0003,688.73388671875,9756,0.25519734621047974,1426659
,,,,,,,,,,,,,,,,,27,68,1416849,142.38,-428.52789306640625,-0.3777923583984375,248.53026510000004,0.0003,8751.9501953125,9760,0.254369854927063,1426850
,,,,,,,,,,,,,,,,,48,68,1418359,151.31,-460.7418212890625,-0.6112555861473083,258.97914271999997,0.0003,703.812744140625,9764,0.25270241498947144,1428360
,,,,,,,,,,,,,,,,,54,68,1418746,147.68,-416.41827392578125,-0.407670259475708,257.77610295,0.0003,919.9630126953125,9768,0.252617746591568,1428747
,,,,,,,,,,,,,,,,,63,68,1419376,152.6,-405.9798889160156,0.020146116614341736,271.06610467999997,0.0003,742.347412109375,9772,0.2518790662288666,1429377
,,,,,,,,,,,,,,,,,72,68,1419956,150.4,-385.6502990722656,-0.30050066113471985,256.39084406999996,0.0003,920.5986938476562,9776,0.25271114706993103,1429957
,,,,,,,,,,,,,,,,,80,68,1420529,148.2,-486.7514953613281,0.5357391834259033,250.62874533,0.0003,606.1168212890625,9780,0.25321945548057556,1430530
,,,,,,,,,,,,,,,,,82,68,1420655,146.43,-412.26922607421875,0.18720242381095886,248.98353989999998,0.0003,832.5549926757812,9784,0.2542842924594879,1430656
,,,,,,,,,,,,,,,,,88,68,1421046,148.59,-511.671875,0.18790040910243988,268.17598017,0.0003,4972.8544921875,9788,0.25491777062416077,1431047
,,,,,,,,,,,,,,,,,99,68,1421771,151.35,-420.7969055175781,0.19551759958267212,263.1733704800001,0.0003,2243.4697265625,9792,0.24813705682754517,1431772
,,,,,,,,,,,,,,,,,107,67,1422283,150.76,-443.28961181640625,0.39042770862579346,267.14741218,0.0003,1028.948486328125,9796,0.24549005925655365,1432284
,,,,,,,,,,,,,,,,,135,68,1424269,167.98,-417.30908203125,-0.22503066062927246,276.41823383999997,0.0003,659.3846435546875,9800,0.25269177556037903,1434270
,,,,,,,,,,,,,,,,,143,68,1424782,168.47,-474.855712890625,-0.2533888816833496,280.98398491000006,0.0003,858.876708984375,9804,0.2554587423801422,1434783
,,,,,,,,,,,,,,,,,151,68,1425306,166.89,-411.5276184082031,0.17709852755069733,266.20506549000004,0.0003,724.7745361328125,9808,0.24942223727703094,1435307
,,,,,,,,,,,,,,,,,160,68,1425974,170.71,-393.56329345703125,0.024513065814971924,272.07246840000005,0.0003,4157.75634765625,9812,0.2513582110404968,1435975
,,,,,,,,,,,,,,,,,169,68,1426560,159.55,-406.587646484375,0.03523717448115349,258.12642643,0.0003,2312.56640625,9816,0.25213876366615295,1436561
,,,,,,,,,,,,,,,,,196,68,1428378,174.89,-440.5041198730469,0.6126999855041504,283.39947080999997,0.0003,863.8671875,9820,0.24679595232009888,1438379
,,,,,,,,,,,,,,,,,203,68,1428824,176.85,-343.4541015625,-0.635563850402832,283.56099799,0.0003,817.0963134765625,9824,0.24752311408519745,1438825
,,,,,,,,,,,,,,,,,206,67,1429031,161.79,-408.5439453125,-0.024563133716583252,254.73095867000004,0.0003,619.6515502929688,9828,0.24864834547042847,1439032
,,,,,,,,,,,,,,,,,212,67,1429423,163.29,-497.8191223144531,0.5280402302742004,268.98554129,0.0003,693.1292724609375,9832,0.25068745017051697,1439424
,,,,,,,,,,,,,,,,,225,67,1430318,169.1,-487.70062255859375,0.7359512448310852,281.15756274,0.0003,1473.48779296875,9836,0.246257022023201,1440319
,,,,,,,,,,,,,,,,,228,67,1430527,166.55,-477.61456298828125,0.3508304953575134,282.37310643,0.0003,1295.2064208984375,9840,0.24285416305065155,1440528
,,,,,,,,,,,,,,,,,247,68,1431827,175.54,-415.16534423828125,-0.35646355152130127,306.9997232,0.0003,1119.3658447265625,9844,0.25331541895866394,1441828
,,,,,,,,,,,,,,,,,255,68,1432370,165.88,-494.89422607421875,-0.7410829663276672,295.14412527,0.0003,891.9510498046875,9848,0.25186246633529663,1442371
,,,,,,,,,,,,,,,,,260,68,1432687,161.14,-439.77984619140625,0.40919485688209534,273.03950244000004,0.0003,566.3230590820312,9852,0.24316328763961792,1442688
,,,,,,,,,,,,,,,,,265,68,1433032,163.74,-509.9283142089844,0.28694775700569153,279.71131927999994,0.0003,1554.72607421875,9856,0.23794415593147278,1443033
,,,,,,,,,,,,,,,,,274,68,1433700,168.51,-405.31951904296875,0.4153520464897156,286.81303432,0.0003,822.2298583984375,9860,0.24219807982444763,1443701
,,,,,,,,,,,,,,,,,276,68,1433819,154.6,-403.7934265136719,0.059783149510622025,255.68008030999997,0.0003,817.9613037109375,9864,0.24495527148246765,1443820
,,,,,,,,,,,,,,,,,287,68,1434600,158.54,-492.6952209472656,0.42811885476112366,263.23144837,0.0003,801.6414794921875,9868,0.2458966225385666,1444601
,,,,,,,,,,,,,,,,,291,68,1434855,154.79,-388.12396240234375,0.1323966681957245,257.57363527999996,0.0003,623.0867919921875,9872,0.24336114525794983,1444856
,,,,,,,,,,,,,,,,,311,68,1436230,162.74,-459.70855712890625,0.20843303203582764,279.72950982,0.0003,1217.486328125,9876,0.249360129237175,1446231
,,,,,,,,,,,,,,,,,317,68,1436698,161.69,-545.0192260742188,0.4859701097011566,280.16520231000004,0.0003,955.497802734375,9880,0.24812765419483185,1446699
,,,,,,,,,,,,,,,,,322,68,1437058,164.03,-438.0246276855469,-0.10530877113342285,290.10866504999996,0.0003,646.956298828125,9884,0.2489800751209259,1447059
,,,,,,,,,,,,,,,,,333,68,1437832,167.86,-448.2882995605469,-0.5460038781166077,284.95949141000006,0.0003,1122.0797119140625,9888,0.24996352195739746,1447833
,,,,,,,,,,,,,,,,,337,68,1438090,163.19,-353.13287353515625,-0.631798505783081,278.92559126000003,0.0003,599.376953125,9892,0.24933700263500214,1448091
,,,,,,,,,,,,,,,,,348,68,1438865,165.82,-405.750244140625,-0.13216853141784668,286.85833865000006,0.0003,886.16845703125,9896,0.24505358934402466,1448866
,,,,,,,,,,,,,,,,,353,68,1439244,149.75,-390.5108337402344,-0.5514184236526489,277.91039173,0.0003,870.4051513671875,9900,0.25480228662490845,1449245
,,,,,,,,,,,,,,,,,360,68,1439710,149.28,-435.67218017578125,0.5139092803001404,275.17874084999994,0.0003,926.2598876953125,9904,0.24383175373077393,1449711
300.0,0,300.0,722.3766398580834,300.0,300000,47.02122328322472,516.5532476201447,0,300.0,0,0,0,404.9276747880449,3,300.0,893.3077928501342,,,1440000,,-422.3035888671875,-1.124096155166626,,0.0003,1226.88427734375,,0.2432953119277954,
,,,,,,,,,,,,,,,,,2,72,1440215,149.09,-329.4973449707031,0.3408195972442627,289.03448311,0.0003,727.9365234375,9908,0.2439810037612915,1450216
,,,,,,,,,,,,,,,,,13,69,1440932,149.58,-415.2976379394531,-0.6848157048225403,301.97749325,0.0003,627.9856567382812,9912,0.24568726122379303,1450933
,,,,,,,,,,,,,,,,,21,68,1441505,149.45,-438.42633056640625,-0.02848163992166519,297.84495394000004,0.0003,1585.3983154296875,9916,0.2469111829996109,1451506
,,,,,,,,,,,,,,,,,28,68,1441934,135.56,-416.9192810058594,-0.6356842517852783,278.63562661,0.0003,671.6209716796875,9920,0.24874377250671387,1451935
,,,,,,,,,,,,,,,,,46,68,1443212,143.88,-378.28289794921875,-0.17882907390594482,311.7296989,0.0003,574.7269287109375,9924,0.2425335794687271,1453213
,,,,,,,,,,,,,,,,,54,67,1443684,146.53,-412.06781005859375,-0.38957756757736206,324.48446512999993,0.0003,1075.516357421875,9928,0.2430976778268814,1453685
,,,,,,,,,,,,,,,,,66,66,1444406,149.83,-416.7700500488281,0.2046554982662201,330.85034023000003,0.0003,849.4552001953125,9932,0.24703219532966614,1454407
,,,,,,,,,,,,,,,,,88,65,1445785,154.67,-432.2902526855469,0.04176229238510132,345.05326478999996,0.0003,1927.1748046875,9936,0.24343940615653992,1455786
,,,,,,,,,,,,,,,,,99,65,1446464,159.37,-445.0220031738281,0.3646693229675293,357.22593907000004,0.0003,3155.7802734375,9940,0.24818912148475647,1456465
,,,,,,,,,,,,,,,,,109,64,1447088,152.61,-389.98895263671875,0.09402848780155182,338.78587593,0.0003,683.6669921875,9944,0.2481239289045334,1457089
,,,,,,,,,,,,,,,,,130,64,1448486,161.16,-500.2188415527344,0.14228586852550507,353.65859487,0.0003,2772.51953125,9948,0.2593701183795929,1458487
,,,,,,,,,,,,,,,,,138,64,1448991,163.04,-489.01287841796875,-0.1788424253463745,358.09382218999997,0.0003,819.0877075195312,9952,0.25520896911621094,1458992
,,,,,,,,,,,,,,,,,145,64,1449410,163.78,-398.16619873046875,-1.0102499723434448,359.89580659,0.0003,748.1092529296875,9956,0.25107431411743164,1459411
,,,,,,,,,,,,,,,,,151,64,1449809,161.09,-416.6858825683594,-0.5335567593574524,360.60348769999996,0.0003,940.0892333984375,9960,0.24989424645900726,1459810
,,,,,,,,,,,,,,,,,162,64,1450495,166.76,-507.67108154296875,-0.9919314980506897,376.36959609999997,0.0003,4237.259765625,9964,0.24244332313537598,1460496
,,,,,,,,,,,,,,,,,169,64,1450993,163.93,-427.6964416503906,-1.2049808502197266,370.35789563,0.0003,2645.5263671875,9968,0.24500097334384918,1460994
,,,,,,,,,,,,,,,,,173,64,1451276,164.21,-482.4786682128906,-0.19818106293678284,365.7727967899999,0.0003,2133.62890625,9972,0.24015820026397705,1461277
,,,,,,,,,,,,,,,,,186,65,1452157,159.27,-469.30401611328125,-0.8573355078697205,364.11854358999994,0.0003,679.7509765625,9976,0.24888169765472412,1462158
,,,,,,,,,,,,,,,,,190,65,1452426,157.28,-353.7807312011719,-0.49812981486320496,361.11071624000004,0.0003,801.9521484375,9980,0.24525994062423706,1462427
,,,,,,,,,,,,,,,,,196,65,1452871,158.13,-466.0600280761719,-0.27561333775520325,356.12069901999996,0.0003,991.4052734375,9984,0.24152585864067078,1462872
,,,,,,,,,,,,,,,,,200,65,1453114,152.82,-415.0091247558594,-1.7024863958358765,346.41240695,0.0003,626.4279174804688,9988,0.24193279445171356,1463115
,,,,,,,,,,,,,,,,,201,65,1453216,151.26,-448.310546875,1.088637351989746,340.47000781999986,0.0003,874.6519775390625,9992,0.24186982214450836,1463217
,,,,,,,,,,,,,,,,,205,65,1453474,146.09,-530.8820190429688,0.6699709296226501,322.28140731,0.0003,2486.255859375,9996,0.2451329380273819,1463475
,,,,,,,,,,,,,,,,,224,65,1454787,155.43,-520.066650390625,-0.7836917638778687,337.67499867999993,0.0003,1058.420166015625,10000,0.2441505342721939,1464788
,,,,,,,,,,,,,,,,,231,65,1455248,155.38,-427.18603515625,-0.536867082118988,336.69627451,0.0003,1905.197265625,10004,0.2433501034975052,1465249
,,,,,,,,,,,,,,,,,275,66,1458236,180.21,-531.850830078125,0.2724422514438629,383.72252043000003,0.0003,715.765869140625,10008,0.24286973476409912,1468237
,,,,,,,,,,,,,,,,,296,66,1459675,187.43,-529.84619140625,0.0649290531873703,386.2913051000001,0.0003,1307.1044921875,10012,0.25014421343803406,1469676
,,,,,,,,,,,,,,,,,304,66,1460220,187.15,-435.974609375,-0.6910184621810913,399.72252176999996,0.0003,519.816162109375,10016,0.248722106218338,1470221
,,,,,,,,,,,,,,,,,311,66,1460710,187.76,-556.7457275390625,1.3556013107299805,392.69829423999994,0.0003,1910.852294921875,10020,0.2505565881729126,1470711
,,,,,,,,,,,,,,,,,314,66,1460886,176.74,-562.6058959960938,1.0125529766082764,356.06439164999995,0.0003,723.44970703125,10024,0.2530307173728943,1470887
,,,,,,,,,,,,,,,,,333,66,1462229,185.45,-419.7577209472656,-0.649901807308197,369.01955656999996,0.0003,800.5821533203125,10028,0.2466953843832016,1472230
,,,,,,,,,,,,,,,,,337,66,1462526,181.2,-534.1656494140625,-0.400026798248291,356.48016501,0.0003,835.1419677734375,10032,0.24690088629722595,1472527
,,,,,,,,,,,,,,,,,346,66,1463153,173.68,-539.5205688476562,-0.2698797881603241,338.97255461000003,0.0003,6399.71484375,10036,0.25188279151916504,1473154
,,,,,,,,,,,,,,,,,353,66,1463634,171.7,-508.0087890625,0.7932888865470886,325.70801207,0.0003,819.8544921875,10040,0.2535632252693176,1473635
,,,,,,,,,,,,,,,,,357,66,1463945,168.57,-497.60833740234375,-0.055281173437833786,314.50128851,0.0003,1015.553955078125,10044,0.25514379143714905,1473946
,,,,,,,,,,,,,,,,,360,66,1464126,156.4,-492.0681457519531,-0.3667343854904175,280.8325591,0.0003,967.5709228515625,10048,0.25221532583236694,1474127
,,,,,,,,,,,,,,,,,372,67,1464970,159.79,-493.670166015625,-0.4279515743255615,296.52032844,0.0003,941.3330688476562,10052,0.24666282534599304,1474971
300.0,0,300.0,615.0894093855686,300.0,325000,50.55912152996749,566.7488780925266,0,300.0,0,0,0,426.28410199966737,3,300.0,929.237174620038,,,1465000,,-548.1056518554688,-0.2534615993499756,,0.0003,616.24609375,,0.24578306078910828,
,,,,,,,,,,,,,,,,,10,67,1465681,162.71,-498.6981506347656,0.3685932159423828,305.15105452000006,0.0003,827.7196044921875,10056,0.2475503832101822,1475682
,,,,,,,,,,,,,,,,,28,68,1466955,171.46,-490.47406005859375,0.2532716989517212,326.19955885,0.0003,1933.0211181640625,10060,0.2500472664833069,1476956
,,,,,,,,,,,,,,,,,42,69,1467930,174.35,-507.77239990234375,-0.5465294718742371,331.26269382000004,0.0003,1113.6484375,10064,0.24188527464866638,1477931
,,,,,,,,,,,,,,,,,50,69,1468510,175.17,-524.6588134765625,0.2520027756690979,319.85334561000013,0.0003,1145.9716796875,10068,0.24064691364765167,1478511
,,,,,,,,,,,,,,,,,54,69,1468806,175.3,-529.033935546875,-0.10346323251724243,323.47865300000007,0.0003,1216.3499755859375,10072,0.24760843813419342,1478807
,,,,,,,,,,,,,,,,,63,69,1469437,172.8,-441.4068298339844,-0.056632667779922485,309.04425605,0.0003,2152.0673828125,10076,0.24281805753707886,1479438
,,,,,,,,,,,,,,,,,65,69,1469582,171.56,-513.6013793945312,-0.08838552981615067,305.71519476000003,0.0003,1059.1112060546875,10080,0.24673353135585785,1479583
,,,,,,,,,,,,,,,,,67,69,1469703,168.32,-472.911865234375,-0.345796674489975,297.83738395000006,0.0003,1146.583251953125,10084,0.24648445844650269,1479704
,,,,,,,,,,,,,,,,,75,69,1470281,171.67,-441.2424011230469,-0.25972381234169006,315.85179580999994,0.0003,1125.4091796875,10088,0.24885743856430054,1480282
,,,,,,,,,,,,,,,,,78,69,1470440,172.24,-476.7677001953125,-0.624163031578064,317.19452021999996,0.0003,1617.42724609375,10092,0.24614080786705017,1480441
,,,,,,,,,,,,,,,,,87,69,1471084,176.1,-525.5164184570312,0.19580352306365967,329.13186559,0.0003,897.2202758789062,10096,0.2503691017627716,1481085
,,,,,,,,,,,,,,,,,98,69,1471865,170.78,-527.16162109375,-0.8880658745765686,327.33079898000005,0.0003,724.1256103515625,10100,0.24866755306720734,1481866
,,,,,,,,,,,,,,,,,102,69,1472153,169.05,-460.75872802734375,-0.029134437441825867,330.36057958000004,0.0003,953.880126953125,10104,0.24656863510608673,1482154
,,,,,,,,,,,,,,,,,105,69,1472342,141.06,-506.6660461425781,0.6584219336509705,269.77266978999995,0.0003,1267.375,10108,0.24564996361732483,1482343
,,,,,,,,,,,,,,,,,119,69,1473316,136.41,-491.9378967285156,0.08542820811271667,256.29899782999996,0.0003,3398.447998046875,10112,0.24766682088375092,1483317
,,,,,,,,,,,,,,,,,144,69,1474997,147.77,-481.9151611328125,0.9132775664329529,270.3197674,0.0003,5001.6943359375,10116,0.24617768824100494,1484998
,,,,,,,,,,,,,,,,,147,69,1475183,144.73,-533.41552734375,0.4781078100204468,271.12900672,0.0003,1033.306884765625,10120,0.25310900807380676,1485184
,,,,,,,,,,,,,,,,,152,69,1475561,146.75,-503.87335205078125,-0.2753434181213379,277.58885707999997,0.0003,878.174560546875,10124,0.2497311234474182,1485562
,,,,,,,,,,,,,,,,,156,69,1475815,135.86,-569.8936767578125,0.2527170181274414,256.69512278999997,0.0003,684.6915283203125,10128,0.24266259372234344,1485816
,,,,,,,,,,,,,,,,,185,69,1477815,152.89,-461.7742919921875,-0.1777394860982895,292.55577547999997,0.0003,560.74072265625,10132,0.2528148293495178,1487816
,,,,,,,,,,,,,,,,,195,69,1478538,153.85,-511.2640686035156,-0.12757793068885803,302.32367037,0.0003,823.0914916992188,10136,0.246953547000885,1488539
,,,,,,,,,,,,,,,,,220,69,1480190,165.56,-503.2225646972656,-0.0460326261818409,322.97828294000004,0.0003,795.5528564453125,10140,0.2509089410305023,1490191
,,,,,,,,,,,,,,,,,228,68,1480745,168.0,-557.1312866210938,0.5413999557495117,335.14246873999997,0.0003,777.6602172851562,10144,0.2551136314868927,1490746
,,,,,,,,,,,,,,,,,236,68,1481304,171.78,-522.9398803710938,-0.1889236569404602,337.09201709999996,0.0003,1412.37646484375,10148,0.2514069080352783,1491305
,,,,,,,,,,,,,,,,,262,68,1483082,181.12,-470.9242858886719,-0.3805769979953766,345.37174983000006,0.0003,3770.22998046875,10152,0.257820188999176,1493083
,,,,,,,,,,,,,,,,,263,68,1483188,175.07,-428.8970947265625,-0.3331015706062317,328.30649611000007,0.0003,13979.51171875,10156,0.25632742047309875,1493189
,,,,,,,,,,,,,,,,,273,69,1483915,169.6,-514.047119140625,-0.1769474297761917,309.51799083,0.0003,816.4290771484375,10160,0.24884621798992157,1493916
,,,,,,,,,,,,,,,,,279,69,1484317,163.87,-520.4768676757812,0.23374779522418976,297.63270134,0.0003,696.0855712890625,10164,0.2466733306646347,1494318
,,,,,,,,,,,,,,,,,290,69,1485039,165.29,-538.4136352539062,0.17525959014892578,304.16143586000004,0.0003,746.2059326171875,10168,0.25155535340309143,1495040
,,,,,,,,,,,,,,,,,301,68,1485761,169.55,-458.50262451171875,-0.46957117319107056,307.85252041,0.0003,711.9647216796875,10172,0.24021810293197632,1495762
,,,,,,,,,,,,,,,,,317,68,1486847,174.1,-513.0639038085938,0.07521622627973557,319.51961971000003,0.0003,1129.8197021484375,10176,0.2418617159128189,1496848
,,,,,,,,,,,,,,,,,319,68,1487005,174.23,-528.6358032226562,-0.4122171998023987,319.41900553,0.0003,1566.0859375,10180,0.2427048534154892,1497006
,,,,,,,,,,,,,,,,,327,68,1487589,178.86,-444.1070556640625,-0.9325772523880005,342.34846167999996,0.0003,899.8929443359375,10184,0.24551090598106384,1497590
,,,,,,,,,,,,,,,,,331,68,1487870,175.89,-490.531494140625,0.14003697037696838,322.16452059,0.0003,1445.6424560546875,10188,0.24729326367378235,1497871
,,,,,,,,,,,,,,,,,338,68,1488350,179.1,-586.6959228515625,0.6164333820343018,333.84810510000005,0.0003,1101.0167236328125,10192,0.24966640770435333,1498351
,,,,,,,,,,,,,,,,,345,68,1488849,177.65,-452.90570068359375,-1.3690346479415894,336.8772918,0.0003,2907.49658203125,10196,0.24131104350090027,1498850
,,,,,,,,,,,,,,,,,359,68,1489803,179.38,-503.9303283691406,-0.4467792809009552,348.82706939,0.0003,1024.318603515625,10200,0.23518122732639313,1499804
300.0,0,300.0,624.2790087770337,300.0,350000,174.87707976848637,537.3748213940861,0,300.0,0,0,0,513.5306294997541,3,300.0,841.7788966107647,,,1490000,,-454.7558898925781,0.33105283975601196,,0.0003,965.1285400390625,,0.24079933762550354,
,,,,,,,,,,,,,,,,,3,68,1490247,180.94,-542.2757568359375,0.36273157596588135,349.6124595100001,0.0003,5204.7470703125,10204,0.23816131055355072,1500248
,,,,,,,,,,,,,,,,,13,69,1490902,185.6,-520.4114990234375,0.05930117517709732,352.02940771,0.0003,882.9702758789062,10208,0.2398408204317093,1500903
,,,,,,,,,,,,,,,,,20,69,1491452,181.36,-499.0615234375,-0.3631688058376312,360.1532897700001,0.0003,1249.6246337890625,10212,0.24307627975940704,1501453
,,,,,,,,,,,,,,,,,26,69,1491816,168.19,-499.07513427734375,-0.44841134548187256,338.63772802,0.0003,1035.3095703125,10216,0.24426238238811493,1501817
,,,,,,,,,,,,,,,,,32,68,1492234,170.51,-535.8284912109375,0.8363758325576782,347.67739101,0.0003,2983.549072265625,10220,0.24969995021820068,1502235
,,,,,,,,,,,,,,,,,43,68,1492938,173.77,-537.5161743164062,-0.33458709716796875,357.40138943,0.0003,682.690185546875,10224,0.2478434145450592,1502939
,,,,,,,,,,,,,,,,,50,68,1493427,176.12,-452.7799377441406,-0.45013371109962463,362.8201878,0.0003,1409.53662109375,10228,0.24478848278522491,1503428
,,,,,,,,,,,,,,,,,62,68,1494274,164.59,-442.2796936035156,0.5959930419921875,327.15492642000004,0.0003,875.68017578125,10232,0.24517446756362915,1504275
,,,,,,,,,,,,,,,,,87,68,1496022,174.84,-456.4302978515625,-0.6306502819061279,321.58352927,0.0003,1157.6259765625,10236,0.24648143351078033,1506023
,,,,,,,,,,,,,,,,,94,68,1496514,163.24,-445.3522033691406,-0.3517540991306305,304.34798426000003,0.0003,745.70458984375,10240,0.2520042955875397,1506515
,,,,,,,,,,,,,,,,,99,68,1496784,160.39,-520.15966796875,1.2977583408355713,299.03270916,0.0003,620.8818969726562,10244,0.24938800930976868,1506785
,,,,,,,,,,,,,,,,,119,66,1497983,166.79,-502.1271667480469,0.9158505201339722,320.33889926,0.0003,776.40869140625,10248,0.24920988082885742,1507984
,,,,,,,,,,,,,,,,,134,66,1498860,157.78,-569.6251831054688,0.8850784301757812,318.26642605000006,0.0003,1005.464111328125,10252,0.24684341251850128,1508861
,,,,,,,,,,,,,,,,,139,65,1499199,160.11,-512.4620361328125,0.4063869118690491,321.87526346000004,0.0003,2358.427978515625,10256,0.2488998919725418,1509200
,,,,,,,,,,,,,,,,,143,65,1499413,154.98,-495.2018737792969,0.10393840074539185,315.76984242,0.0003,567.9844970703125,10260,0.2487725168466568,1509414
,,,,,,,,,,,,,,,,,169,64,1500975,166.58,-479.2608642578125,-0.900513768196106,333.86401635999994,0.0003,1214.8756103515625,10264,0.2476937472820282,1510976
,,,,,,,,,,,,,,,,,173,64,1501223,161.84,-481.222412109375,-0.31369566917419434,326.71818718,0.0003,2371.4794921875,10268,0.24878650903701782,1511224
,,,,,,,,,,,,,,,,,179,64,1501597,158.36,-505.2268371582031,0.14669057726860046,322.04076796000004,0.0003,864.237548828125,10272,0.24611034989356995,1511598
,,,,,,,,,,,,,,,,,193,64,1502447,156.0,-573.2491455078125,0.5126462578773499,318.69158512999996,0.0003,907.5565185546875,10276,0.23831354081630707,1512448
,,,,,,,,,,,,,,,,,199,64,1502767,157.62,-469.8442687988281,-0.4445846676826477,329.3057573,0.0003,1359.1405029296875,10280,0.23902568221092224,1512768
,,,,,,,,,,,,,,,,,202,64,1502952,153.63,-504.8647766113281,-0.48302507400512695,309.20787164999996,0.0003,773.53076171875,10284,0.23816241323947906,1512953
,,,,,,,,,,,,,,,,,217,63,1503820,159.5,-604.8065185546875,0.5947791337966919,334.32549795,0.0003,1090.726318359375,10288,0.24541746079921722,1513821
,,,,,,,,,,,,,,,,,225,63,1504398,160.48,-553.6433715820312,0.6105952858924866,332.49836754999995,0.0003,4838.43212890625,10292,0.24526678025722504,1514399
,,,,,,,,,,,,,,,,,235,64,1505116,162.67,-498.83489990234375,-0.6519075036048889,328.30024941999994,0.0003,962.927978515625,10296,0.2485032081604004,1515117
,,,,,,,,,,,,,,,,,240,64,1505429,156.26,-453.4694519042969,-0.4313930869102478,308.47612832,0.0003,838.4783935546875,10300,0.24760612845420837,1515430
,,,,,,,,,,,,,,,,,241,64,1505522,152.75,-470.7887878417969,0.10575007647275925,297.86043158000007,0.0003,1146.747314453125,10304,0.24574418365955353,1515523
,,,,,,,,,,,,,,,,,252,64,1506303,154.01,-600.7693481445312,0.1069364920258522,304.6166516,0.0003,8024.173828125,10308,0.24193747341632843,1516304
,,,,,,,,,,,,,,,,,259,64,1506780,153.28,-602.806396484375,0.33482375741004944,289.77749866,0.0003,897.1091918945312,10312,0.24563780426979065,1516781
,,,,,,,,,,,,,,,,,329,64,1511394,195.78,-549.23779296875,0.6369156837463379,352.18068251999995,0.0003,4135.6689453125,10316,0.2631548047065735,1521395
,,,,,,,,,,,,,,,,,331,64,1511556,193.22,-572.7263793945312,0.8833028078079224,339.17609139000007,0.0003,872.146484375,10320,0.2604036033153534,1521557
,,,,,,,,,,,,,,,,,338,64,1511974,190.36,-573.5239868164062,0.22929808497428894,339.58560087999996,0.0003,1219.077880859375,10324,0.26436126232147217,1521975
,,,,,,,,,,,,,,,,,345,65,1512481,190.54,-555.0693359375,-0.7870285511016846,346.0070871,0.0003,567.5902099609375,10328,0.2561917006969452,1522482
,,,,,,,,,,,,,,,,,349,65,1512755,184.81,-485.16790771484375,-0.49787282943725586,346.65013303000006,0.0003,625.149658203125,10332,0.25333619117736816,1522756
,,,,,,,,,,,,,,,,,371,65,1514186,181.64,-612.752685546875,0.7467367053031921,351.85519048000003,0.0003,1781.7398681640625,10336,0.25085654854774475,1524187
,,,,,,,,,,,,,,,,,376,65,1514525,180.11,-545.6312866210938,-0.3198675215244293,356.46797081000005,0.0003,569.1612548828125,10340,0.2595582604408264,1524526
,,,,,,,,,,,,,,,,,381,65,1514887,181.03,-540.5883178710938,-0.2529848515987396,361.1549282900001,0.0003,764.8922729492188,10344,0.26450154185295105,1524888
300.0,0,300.0,584.6090778940212,300.0,375000,545.314980661277,520.98642103777,0,300.0,0,0,0,473.4169191860503,3,300.0,692.0442130760247,,,1515000,,-555.4736938476562,0.30471834540367126,,0.0003,3404.41845703125,,0.2632523775100708,
,,,,,,,,,,,,,,,,,1,70,1515137,171.54,-508.94354248046875,0.29905393719673157,340.60089585000003,0.0003,1659.7025146484375,10348,0.2634769678115845,1525138
,,,,,,,,,,,,,,,,,12,67,1515858,169.98,-494.2887268066406,0.0033868104219436646,327.72742651999994,0.0003,944.5971069335938,10352,0.26204103231430054,1525859
,,,,,,,,,,,,,,,,,18,67,1516236,170.37,-474.9498596191406,-0.6811995506286621,330.90824329,0.0003,904.652587890625,10356,0.26127859950065613,1526237
,,,,,,,,,,,,,,,,,25,67,1516734,173.21,-554.6324462890625,-1.0986088514328003,333.54493349999996,0.0003,5440.2392578125,10360,0.25666117668151855,1526735
,,,,,,,,,,,,,,,,,58,66,1518891,179.16,-530.6253662109375,-0.43928229808807373,356.99840995,0.0003,1115.99853515625,10364,0.25315067172050476,1528892
,,,,,,,,,,,,,,,,,62,66,1519145,179.22,-553.6923217773438,0.2975066304206848,357.67034191999994,0.0003,1213.190185546875,10368,0.25643447041511536,1529146
,,,,,,,,,,,,,,,,,66,66,1519439,178.42,-492.08197021484375,-0.26350951194763184,360.54889336,0.0003,721.7769775390625,10372,0.26345837116241455,1529440
,,,,,,,,,,,,,,,,,75,66,1519988,175.41,-520.8507690429688,0.5266478061676025,352.37984467,0.0003,1016.6895751953125,10376,0.2607046365737915,1529989
,,,,,,,,,,,,,,,,,80,66,1520335,175.68,-561.2135009765625,-0.026831448078155518,353.03981763,0.0003,935.1585083007812,10380,0.25942862033843994,1530336
,,,,,,,,,,,,,,,,,85,66,1520670,177.18,-439.86016845703125,-0.33077287673950195,361.86909558,0.0003,832.5421142578125,10384,0.25434935092926025,1530671
,,,,,,,,,,,,,,,,,97,66,1521451,176.31,-543.4463500976562,0.33832502365112305,349.24935181999996,0.0003,657.753173828125,10388,0.25498321652412415,1531452
,,,,,,,,,,,,,,,,,112,66,1522484,180.86,-490.16107177734375,-0.6387622356414795,363.5537378199999,0.0003,895.3034057617188,10392,0.2621878385543823,1532485
,,,,,,,,,,,,,,,,,128,66,1523514,183.98,-505.5574035644531,0.2150021642446518,358.67845008999996,0.0003,646.3453369140625,10396,0.2636748254299164,1533515
,,,,,,,,,,,,,,,,,132,66,1523768,183.39,-567.0226440429688,-0.024923652410507202,352.36294645999993,0.0003,914.7199096679688,10400,0.26205918192863464,1533769
,,,,,,,,,,,,,,,,,138,66,1524215,186.93,-605.9326171875,-0.18270793557167053,357.89716229000004,0.0003,1085.4656982421875,10404,0.26753419637680054,1534216
,,,,,,,,,,,,,,,,,146,66,1524747,184.44,-533.51806640625,0.006527036428451538,353.75523244000004,0.0003,765.999755859375,10408,0.2695576250553131,1534748
,,,,,,,,,,,,,,,,,152,66,1525083,183.03,-582.9640502929688,0.23344090580940247,352.14824421000014,0.0003,1778.89794921875,10412,0.26998379826545715,1535084
,,,,,,,,,,,,,,,,,166,66,1526017,146.23,-544.7379760742188,0.8243099451065063,289.79298747999997,0.0003,782.8811645507812,10416,0.26007407903671265,1536018
,,,,,,,,,,,,,,,,,172,66,1526437,148.81,-579.1050415039062,0.0649271309375763,294.28946405,0.0003,869.2360229492188,10420,0.2645586431026459,1536438
,,,,,,,,,,,,,,,,,207,66,1528689,167.15,-621.2432861328125,-0.3424360156059265,325.01691389,0.0003,1178.968505859375,10424,0.2652272582054138,1538690
,,,,,,,,,,,,,,,,,212,66,1529036,165.55,-537.0489501953125,0.6450777053833008,311.7032603,0.0003,1036.5614013671875,10428,0.2651439607143402,1539037
,,,,,,,,,,,,,,,,,219,65,1529468,167.13,-530.9993896484375,-0.22545424103736877,312.20020309999995,0.0003,2067.5283203125,10432,0.26979970932006836,1539469
,,,,,,,,,,,,,,,,,222,65,1529665,154.79,-459.12567138671875,-0.861472487449646,293.35359573,0.0003,733.992919921875,10436,0.26540449261665344,1539666
,,,,,,,,,,,,,,,,,232,65,1530352,158.27,-585.6992797851562,0.251431941986084,289.58096482,0.0003,1149.170166015625,10440,0.2626166343688965,1540353
,,,,,,,,,,,,,,,,,237,65,1530662,157.75,-518.6072387695312,-0.059038639068603516,285.05907159,0.0003,1240.27197265625,10444,0.2658928632736206,1540663
,,,,,,,,,,,,,,,,,256,65,1531816,166.79,-618.20166015625,1.1198205947875977,300.14019739,0.0003,1440.02392578125,10448,0.2615007758140564,1541817
,,,,,,,,,,,,,,,,,260,65,1532128,162.7,-560.9608764648438,0.6990079879760742,289.87250563,0.0003,740.3935546875,10452,0.2644205093383789,1542129
,,,,,,,,,,,,,,,,,277,65,1533249,170.13,-452.5646057128906,0.17066675424575806,305.4243556,0.0003,956.068115234375,10456,0.26671960949897766,1543250
,,,,,,,,,,,,,,,,,295,66,1534542,178.08,-539.8402099609375,1.687552809715271,335.82773266000004,0.0003,2064.762451171875,10460,0.2704155743122101,1544543
,,,,,,,,,,,,,,,,,305,66,1535244,163.53,-497.3702697753906,-0.35579338669776917,297.94558648,0.0003,726.9247436523438,10464,0.2800188362598419,1545245
,,,,,,,,,,,,,,,,,310,66,1535602,164.57,-527.9869995117188,0.1907665729522705,304.75576038,0.0003,1062.345703125,10468,0.2741512060165405,1545603
,,,,,,,,,,,,,,,,,316,66,1536038,165.99,-452.94512939453125,-0.7624876499176025,303.7141047200001,0.0003,2396.260986328125,10472,0.27475106716156006,1546039
,,,,,,,,,,,,,,,,,318,66,1536131,161.43,-613.0087280273438,0.17506183683872223,289.63339786999995,0.0003,1367.052001953125,10476,0.27168554067611694,1546132
,,,,,,,,,,,,,,,,,337,66,1537489,171.54,-515.563232421875,0.025188922882080078,305.80728761,0.0003,915.359130859375,10480,0.2807937562465668,1547490
,,,,,,,,,,,,,,,,,350,66,1538394,177.24,-565.1810913085938,-0.30245906114578247,313.98449063000004,0.0003,690.2374267578125,10484,0.28295207023620605,1548395
,,,,,,,,,,,,,,,,,362,66,1539130,176.79,-442.77386474609375,-0.06369166821241379,321.42276544000003,0.0003,1354.599609375,10488,0.2803959548473358,1549131
,,,,,,,,,,,,,,,,,367,66,1539444,169.6,-523.6378173828125,-0.3859095275402069,299.65455263,0.0003,1335.2645263671875,10492,0.2787596583366394,1549445
300.0,0,300.0,600.2751073124979,300.0,400000,86.2523736099917,475.6972368860382,0,300.0,0,0,0,482.57402178565263,3,300.0,1055.1816561280723,,,1540000,,-668.5101318359375,0.2698183059692383,,0.0003,893.07470703125,,0.27290916442871094,
,,,,,,,,,,,,,,,,,20,67,1541353,178.39,-516.59130859375,0.0012491345405578613,328.0410047099999,0.0003,901.43017578125,10496,0.2761836051940918,1551354
,,,,,,,,,,,,,,,,,22,67,1541530,177.62,-526.5047607421875,-0.006254464387893677,324.99864189,0.0003,736.798583984375,10500,0.2795078754425049,1551531
,,,,,,,,,,,,,,,,,47,66,1543174,189.59,-513.7173461914062,0.1961018592119217,353.41555288999996,0.0003,1205.33056640625,10504,0.27507853507995605,1553175
,,,,,,,,,,,,,,,,,60,66,1544061,193.14,-589.962158203125,0.4882092773914337,364.26980095999994,0.0003,1251.652099609375,10508,0.28925102949142456,1554062
,,,,,,,,,,,,,,,,,68,66,1544535,194.52,-478.1463317871094,-0.30411654710769653,370.98718176999995,0.0003,751.2984619140625,10512,0.28663796186447144,1554536
,,,,,,,,,,,,,,,,,70,66,1544689,186.72,-611.65185546875,0.5765317678451538,360.05388028,0.0003,658.8302001953125,10516,0.28742825984954834,1554690
,,,,,,,,,,,,,,,,,77,66,1545144,187.07,-648.6060180664062,0.522418737411499,361.84588027999996,0.0003,2555.51806640625,10520,0.29001325368881226,1555145
,,,,,,,,,,,,,,,,,87,66,1545864,171.75,-551.4429931640625,-0.27111324667930603,328.5876265300001,0.0003,1755.533203125,10524,0.2801148593425751,1555865
,,,,,,,,,,,,,,,,,91,66,1546094,170.58,-586.661865234375,0.37638646364212036,327.9431116100001,0.0003,1309.82177734375,10528,0.27722424268722534,1556095
,,,,,,,,,,,,,,,,,98,66,1546606,171.38,-457.8808898925781,-0.6759979128837585,319.36925955,0.0003,4465.43505859375,10532,0.2808988392353058,1556607
,,,,,,,,,,,,,,,,,100,66,1546693,170.28,-602.905029296875,0.13305984437465668,313.18852226999996,0.0003,1120.106201171875,10536,0.28092920780181885,1556694
,,,,,,,,,,,,,,,,,104,66,1547007,166.55,-563.3258666992188,-0.22204409539699554,311.31457550999994,0.0003,861.6268310546875,10540,0.28429585695266724,1557008
,,,,,,,,,,,,,,,,,113,66,1547567,169.05,-602.1370239257812,0.695040225982666,314.16230017,0.0003,853.8052978515625,10544,0.2924317419528961,1557568
,,,,,,,,,,,,,,,,,117,66,1547883,160.67,-622.7162475585938,0.6713132858276367,296.11954966,0.0003,946.4696044921875,10548,0.2887740433216095,1557884
,,,,,,,,,,,,,,,,,147,67,1549899,177.71,-560.6370849609375,0.4062853455543518,324.43617333000003,0.0003,2986.164794921875,10552,0.2972179055213928,1559900
,,,,,,,,,,,,,,,,,152,67,1550283,170.34,-500.68017578125,0.16404840350151062,307.73147332,0.0003,971.9661865234375,10556,0.2982465326786041,1560284
,,,,,,,,,,,,,,,,,155,67,1550486,159.44,-493.6610412597656,-0.589324951171875,275.36970159000003,0.0003,1193.185791015625,10560,0.2926851212978363,1560487
,,,,,,,,,,,,,,,,,165,67,1551208,159.64,-551.6253662109375,-0.1822100579738617,272.86274282999995,0.0003,604.3636474609375,10564,0.29649466276168823,1561209
,,,,,,,,,,,,,,,,,176,67,1551948,163.46,-559.1434326171875,-0.13324451446533203,283.60415964,0.0003,1170.287109375,10568,0.28953197598457336,1561949
,,,,,,,,,,,,,,,,,179,67,1552116,160.78,-547.7344360351562,-0.35954898595809937,280.60005457999995,0.0003,1865.443359375,10572,0.2862744927406311,1562117
,,,,,,,,,,,,,,,,,183,67,1552424,162.93,-529.6874389648438,0.6138578057289124,288.84140927,0.0003,878.4259033203125,10576,0.2845689654350281,1562425
,,,,,,,,,,,,,,,,,202,67,1553715,162.26,-492.5455017089844,-0.8398206830024719,286.61050889,0.0003,890.0383911132812,10580,0.2921895980834961,1563716
,,,,,,,,,,,,,,,,,218,67,1554792,163.98,-549.2234497070312,0.7505488991737366,292.38315276000003,0.0003,1264.130859375,10584,0.2869052290916443,1564793
,,,,,,,,,,,,,,,,,226,67,1555358,162.28,-623.947021484375,0.4502110481262207,288.12120518000006,0.0003,955.1702270507812,10588,0.2863621115684509,1565359
,,,,,,,,,,,,,,,,,234,67,1555896,164.52,-671.1661987304688,0.3641851544380188,288.66326889,0.0003,814.72900390625,10592,0.2846129238605499,1565897
,,,,,,,,,,,,,,,,,238,67,1556192,148.39,-566.1575317382812,0.5454278588294983,263.44219659,0.0003,1715.8690185546875,10596,0.28244268894195557,1566193
,,,,,,,,,,,,,,,,,239,67,1556287,147.57,-580.2667236328125,-0.7772748470306396,262.36081154999994,0.0003,673.9739990234375,10600,0.2816641330718994,1566288
,,,,,,,,,,,,,,,,,254,67,1557329,141.55,-601.739013671875,0.658022940158844,251.25634487999997,0.0003,1226.1802978515625,10604,0.28131547570228577,1567330
,,,,,,,,,,,,,,,,,256,68,1557410,133.49,-496.7272644042969,-0.4270387887954712,229.43910373,0.0003,1154.3040771484375,10608,0.28422972559928894,1567411
,,,,,,,,,,,,,,,,,262,68,1557838,133.03,-662.4904174804688,0.2904154360294342,221.41221946,0.0003,824.2950439453125,10612,0.2788628339767456,1567839
,,,,,,,,,,,,,,,,,262,68,1557902,132.13,-587.88330078125,-0.3030415177345276,220.20976359,0.0003,871.272216796875,10616,0.2771237790584564,1567903
,,,,,,,,,,,,,,,,,283,68,1559321,141.77,-551.5624389648438,-0.046235740184783936,240.37090722000002,0.0003,1111.78759765625,10620,0.2781948447227478,1569322
,,,,,,,,,,,,,,,,,343,68,1563400,175.36,-598.8651733398438,0.2132311761379242,287.2210962,0.0003,787.0889892578125,10624,0.28878313302993774,1573401
,,,,,,,,,,,,,,,,,345,68,1563502,174.08,-531.9437866210938,-0.540544867515564,284.4875033,0.0003,859.5662841796875,10628,0.2876250743865967,1573503
300.0,0,300.0,518.748733434665,300.0,425000,42.7869209041487,483.8317759210674,0,300.0,0,0,0,514.0275510511705,3,300.0,1155.4431518008644,,,1565000,,-601.21337890625,-0.005116984248161316,,0.0003,1623.7774658203125,,0.2974182963371277,
,,,,,,,,,,,,,,,,,0,76,1565009,184.03,-536.2267456054688,-0.24055537581443787,312.92617134,0.0003,1411.181884765625,10632,0.29751133918762207,1575010
,,,,,,,,,,,,,,,,,3,68,1565268,185.75,-478.69683837890625,0.7373435497283936,314.79396975,0.0003,1812.7236328125,10636,0.2924679219722748,1575269
,,,,,,,,,,,,,,,,,5,69,1565402,183.95,-577.8192138671875,0.5772064924240112,309.50187812,0.0003,5205.0693359375,10640,0.29237592220306396,1575403
,,,,,,,,,,,,,,,,,15,69,1566100,185.33,-537.758056640625,-0.14042088389396667,313.46807955,0.0003,988.5576171875,10644,0.28712019324302673,1576101
,,,,,,,,,,,,,,,,,41,68,1567840,199.57,-603.0147705078125,0.5205773115158081,344.48168972999997,0.0003,1594.383056640625,10648,0.2933810353279114,1577841
,,,,,,,,,,,,,,,,,56,67,1568855,189.56,-592.63671875,0.5015504360198975,328.8882542399999,0.0003,888.1229248046875,10652,0.30545201897621155,1578856
,,,,,,,,,,,,,,,,,58,67,1568957,186.74,-579.738037109375,0.6647467613220215,322.84655683999995,0.0003,940.8119506835938,10656,0.3045867085456848,1578958
,,,,,,,,,,,,,,,,,61,67,1569179,186.93,-653.26171875,0.30285757780075073,320.54620336,0.0003,2271.865478515625,10660,0.3076394200325012,1579180
,,,,,,,,,,,,,,,,,82,65,1570377,191.69,-601.6485595703125,0.4114952087402344,331.99901242,0.0003,879.5554809570312,10664,0.295887291431427,1580378
,,,,,,,,,,,,,,,,,83,65,1570438,184.9,-608.4788208007812,0.42169100046157837,308.47615607000006,0.0003,1298.389892578125,10668,0.2951311767101288,1580439
,,,,,,,,,,,,,,,,,87,65,1570688,185.72,-606.2553100585938,0.0048025548458099365,307.12103348000005,0.0003,1272.04248046875,10672,0.296459436416626,1580689
,,,,,,,,,,,,,,,,,91,64,1570950,185.26,-555.8707275390625,-0.10503357648849487,307.09776282,0.0003,3521.0146484375,10676,0.28949570655822754,1580951
,,,,,,,,,,,,,,,,,92,64,1571011,172.96,-594.5538330078125,-0.43782728910446167,278.83526179,0.0003,1428.46728515625,10680,0.28720706701278687,1581012
,,,,,,,,,,,,,,,,,99,64,1571412,166.2,-587.4487915039062,0.54478919506073,267.93145745000004,0.0003,1302.460693359375,10684,0.2889760434627533,1581413
,,,,,,,,,,,,,,,,,122,63,1572725,173.67,-508.4977111816406,-0.002230726182460785,284.96906852000006,0.0003,1644.02294921875,10688,0.29020893573760986,1582726
,,,,,,,,,,,,,,,,,149,62,1574261,183.65,-579.4628295898438,0.4763328433036804,314.67568498,0.0003,1207.4058837890625,10692,0.2941150963306427,1584262
,,,,,,,,,,,,,,,,,164,61,1575146,189.54,-662.4003295898438,0.2580684423446655,314.46045691,0.0003,816.0061645507812,10696,0.2914291322231293,1585147
,,,,,,,,,,,,,,,,,178,61,1575990,197.03,-489.02752685546875,-0.7177647352218628,325.84397635,0.0003,1223.43115234375,10700,0.2845737338066101,1585991
,,,,,,,,,,,,,,,,,183,61,1576242,189.13,-551.3799438476562,-0.4676423668861389,305.69546169,0.0003,957.1389770507812,10704,0.28889569640159607,1586243
,,,,,,,,,,,,,,,,,190,61,1576627,192.17,-602.9326171875,0.4741061329841614,311.53417414,0.0003,1176.077880859375,10708,0.2937931716442108,1586628
,,,,,,,,,,,,,,,,,199,60,1577133,192.95,-524.095458984375,0.08870826661586761,321.08312576000003,0.0003,1546.7159423828125,10712,0.2934398949146271,1587134
,,,,,,,,,,,,,,,,,207,60,1577603,197.01,-601.726806640625,-0.3570455014705658,331.72080726,0.0003,2026.102783203125,10716,0.2916019856929779,1587604
,,,,,,,,,,,,,,,,,219,60,1578244,189.23,-596.3088989257812,0.12752950191497803,319.43110090000005,0.0003,1354.067626953125,10720,0.2975510358810425,1588245
,,,,,,,,,,,,,,,,,224,60,1578565,151.65,-518.4256591796875,-0.26220691204071045,265.55073986,0.0003,1250.826416015625,10724,0.2951872646808624,1588566
,,,,,,,,,,,,,,,,,228,60,1578787,152.85,-492.7892150878906,-0.2681336998939514,270.06143156,0.0003,939.0030517578125,10728,0.28939563035964966,1588788
,,,,,,,,,,,,,,,,,253,60,1580257,152.48,-582.9205322265625,0.07462318241596222,278.95947867,0.0003,1331.5400390625,10732,0.28924697637557983,1590258
,,,,,,,,,,,,,,,,,267,60,1581085,158.17,-588.1959228515625,0.11177808791399002,302.13646973,0.0003,1349.88720703125,10736,0.3004898726940155,1591086
,,,,,,,,,,,,,,,,,275,60,1581538,161.36,-527.771484375,-0.20666691660881042,317.2704877,0.0003,753.1262817382812,10740,0.29866260290145874,1591539
,,,,,,,,,,,,,,,,,280,59,1581846,157.46,-557.685791015625,-0.11183008551597595,312.27056120000003,0.0003,848.1409912109375,10744,0.2934069037437439,1591847
,,,,,,,,,,,,,,,,,297,59,1582800,149.6,-584.86328125,0.405828595161438,304.79049298999996,0.0003,1783.0015869140625,10748,0.30417004227638245,1592801
,,,,,,,,,,,,,,,,,309,59,1583522,146.67,-596.3065795898438,-0.5174182057380676,303.02197441,0.0003,882.48046875,10752,0.30796682834625244,1593523
,,,,,,,,,,,,,,,,,315,59,1583869,149.12,-496.7851257324219,-1.1110637187957764,315.02996091,0.0003,2349.4619140625,10756,0.3095785677433014,1593870
,,,,,,,,,,,,,,,,,324,59,1584358,151.79,-552.7620239257812,-0.0028426945209503174,329.19868604,0.0003,998.5960693359375,10760,0.3033428490161896,1594359
,,,,,,,,,,,,,,,,,329,59,1584627,142.5,-630.1861572265625,0.10881707072257996,310.92351503000003,0.0003,1019.5499877929688,10764,0.30560317635536194,1594628
,,,,,,,,,,,,,,,,,350,59,1585818,153.8,-577.456787109375,-0.0631580650806427,335.09668157,0.0003,1243.138916015625,10768,0.2949005961418152,1595819
,,,,,,,,,,,,,,,,,355,59,1586133,154.45,-526.7651977539062,-0.16781821846961975,340.1474546200001,0.0003,1048.876708984375,10772,0.2980673015117645,1596134
,,,,,,,,,,,,,,,,,362,59,1586514,155.64,-535.252197265625,1.0230947732925415,342.10219934,0.0003,1215.71240234375,10776,0.30129092931747437,1596515
,,,,,,,,,,,,,,,,,367,59,1586783,157.72,-651.548583984375,-0.03450215235352516,351.57366913999994,0.0003,889.7391967773438,10780,0.3093274235725403,1596784
,,,,,,,,,,,,,,,,,371,59,1587001,155.89,-600.2138671875,0.06265508383512497,341.58802598,0.0003,635.2122802734375,10784,0.3101637065410614,1597002
,,,,,,,,,,,,,,,,,396,59,1588419,156.94,-571.7061767578125,-0.06288318336009979,328.28164828999996,0.0003,1737.7021484375,10788,0.31031763553619385,1598420
,,,,,,,,,,,,,,,,,404,59,1588855,145.94,-607.8529052734375,0.24213311076164246,301.31974090000006,0.0003,1092.05712890625,10792,0.30823618173599243,1598856
,,,,,,,,,,,,,,,,,406,59,1588977,138.31,-568.9098510742188,0.01096806675195694,290.29734276000005,0.0003,3362.9736328125,10796,0.31184640526771545,1598978
,,,,,,,,,,,,,,,,,408,59,1589112,131.22,-518.1011962890625,0.21305911242961884,279.87336618,0.0003,1146.6473388671875,10800,0.3098369538784027,1599113
,,,,,,,,,,,,,,,,,412,59,1589314,130.72,-632.664794921875,-0.6257853507995605,277.83753312,0.0003,837.5458374023438,10804,0.3091908097267151,1599315
,,,,,,,,,,,,,,,,,414,59,1589465,128.38,-594.4522705078125,-0.40919220447540283,277.06332417999994,0.0003,4287.7822265625,10808,0.3081630766391754,1599466
300.0,0,300.0,531.1024992845996,300.0,450000,133.50118116266017,125.064361520938,0,300.0,0,0,0,514.2217765588822,3,300.0,338.49904508014134,,,1590000,,-512.63916015625,0.5925952792167664,,0.0003,2925.95068359375,,0.3063095510005951,
,,,,,,,,,,,,,,,,,2,57,1590139,130.06,-497.7116394042969,-0.14029251039028168,277.49174262,0.0003,2009.813720703125,10812,0.3081846833229065,1600140
,,,,,,,,,,,,,,,,,11,57,1590664,130.61,-518.35595703125,-0.4143610894680023,271.52745682999995,0.0003,3891.671142578125,10816,0.3068791925907135,1600665
,,,,,,,,,,,,,,,,,16,57,1590934,126.9,-592.5531616210938,-0.06653016805648804,260.65406633000003,0.0003,823.171875,10820,0.30348795652389526,1600935
,,,,,,,,,,,,,,,,,32,57,1591888,133.23,-547.4781494140625,-0.08456715196371078,270.837264,0.0003,2888.52783203125,10824,0.31103527545928955,1601889
,,,,,,,,,,,,,,,,,33,57,1591934,131.47,-503.7107238769531,-0.4697820246219635,264.74425236,0.0003,961.7117309570312,10828,0.3107359707355499,1601935
,,,,,,,,,,,,,,,,,40,57,1592340,120.83,-506.36016845703125,-0.37665462493896484,239.4762935,0.0003,1287.627685546875,10832,0.30667731165885925,1602341
,,,,,,,,,,,,,,,,,51,57,1592972,118.87,-511.1502990722656,-0.6981908082962036,223.64153305999997,0.0003,612.3912353515625,10836,0.3076709508895874,1602973
,,,,,,,,,,,,,,,,,56,57,1593235,116.97,-503.701171875,0.18938817083835602,217.74011243,0.0003,1591.560791015625,10840,0.30480268597602844,1603236
,,,,,,,,,,,,,,,,,68,56,1593896,120.5,-522.1845703125,-0.26874881982803345,226.92239976999997,0.0003,1005.85546875,10844,0.3055875301361084,1603897
,,,,,,,,,,,,,,,,,74,56,1594202,114.02,-643.2242431640625,0.7421592473983765,204.53324376999998,0.0003,754.7127685546875,10848,0.3116622567176819,1604203
,,,,,,,,,,,,,,,,,81,56,1594585,110.63,-732.2736206054688,0.2642787992954254,199.86481517999997,0.0003,1525.794189453125,10852,0.3087572753429413,1604586
,,,,,,,,,,,,,,,,,92,56,1595220,113.51,-540.9600830078125,-0.16915306448936462,202.47218224,0.0003,1833.540771484375,10856,0.3076770305633545,1605221
,,,,,,,,,,,,,,,,,99,56,1595597,112.39,-545.718505859375,-0.6736407279968262,197.28706183000006,0.0003,843.7369384765625,10860,0.29903021454811096,1605598
,,,,,,,,,,,,,,,,,112,56,1596330,117.03,-558.512451171875,-0.4017157554626465,210.52949811,0.0003,831.898193359375,10864,0.31631964445114136,1606331
,,,,,,,,,,,,,,,,,116,55,1596507,106.89,-608.7496337890625,0.17599153518676758,189.85019558999997,0.0003,1628.5936279296875,10868,0.31627288460731506,1606508
,,,,,,,,,,,,,,,,,141,56,1597961,118.28,-602.546142578125,0.4327465295791626,212.80456468,0.0003,1295.1973876953125,10872,0.3218381404876709,1607962
,,,,,,,,,,,,,,,,,146,56,1598197,116.83,-598.4719848632812,-0.162199929356575,207.81933548,0.0003,962.3925170898438,10876,0.3161763548851013,1608198
,,,,,,,,,,,,,,,,,162,56,1599146,123.63,-507.2943420410156,-0.15795095264911652,216.23854383999995,0.0003,667.1549682617188,10880,0.3175060749053955,1609147
,,,,,,,,,,,,,,,,,166,56,1599388,123.87,-685.9917602539062,-0.06900502741336823,221.70314042,0.0003,1182.74365234375,10884,0.31484130024909973,1609389
,,,,,,,,,,,,,,,,,169,56,1599538,111.19,-609.35107421875,-0.23975655436515808,200.10829055000002,0.0003,738.4536743164062,10888,0.3131565749645233,1609539
,,,,,,,,,,,,,,,,,172,56,1599669,108.14,-657.1370849609375,0.21525071561336517,192.70110407,0.0003,1201.813232421875,10892,0.31246861815452576,1609670
,,,,,,,,,,,,,,,,,181,56,1600180,112.03,-508.7657470703125,-0.14853939414024353,199.17199088,0.0003,1142.6630859375,10896,0.31340986490249634,1610181
,,,,,,,,,,,,,,,,,182,56,1600246,111.34,-708.1007080078125,0.5563859939575195,197.35928402000002,0.0003,765.831787109375,10900,0.31485825777053833,1610247
,,,,,,,,,,,,,,,,,185,56,1600441,111.27,-584.01953125,-0.24151834845542908,200.78237264999999,0.0003,1000.2255859375,10904,0.31412696838378906,1610442
,,,,,,,,,,,,,,,,,198,56,1601178,117.13,-698.1635131835938,0.4747774600982666,203.83683726000004,0.0003,2045.9912109375,10908,0.31098857522010803,1611179
,,,,,,,,,,,,,,,,,202,56,1601393,112.54,-556.4336547851562,-0.032987844198942184,198.15361279000004,0.0003,1834.25537109375,10912,0.31164684891700745,1611394
,,,,,,,,,,,,,,,,,232,56,1603192,125.28,-518.4415283203125,-0.7032453417778015,231.87014375999996,0.0003,727.4329833984375,10916,0.3035780191421509,1613193
,,,,,,,,,,,,,,,,,241,56,1603757,128.23,-552.8855590820312,-0.22391033172607422,244.44435237999997,0.0003,1411.2210693359375,10920,0.29771196842193604,1613758
,,,,,,,,,,,,,,,,,244,57,1603921,120.33,-532.308837890625,0.568354070186615,228.98127085,0.0003,1444.204833984375,10924,0.2982703149318695,1613922
,,,,,,,,,,,,,,,,,245,57,1603993,120.59,-745.089599609375,-0.06284184753894806,230.08324621000003,0.0003,1006.6190795898438,10928,0.30019864439964294,1613994
,,,,,,,,,,,,,,,,,255,57,1604638,122.98,-629.218017578125,0.4737202525138855,227.95584367,0.0003,930.96240234375,10932,0.30134278535842896,1614639
,,,,,,,,,,,,,,,,,257,57,1604748,117.76,-574.8604736328125,-0.2538204491138458,218.12964356,0.0003,1023.647705078125,10936,0.30334553122520447,1614749
,,,,,,,,,,,,,,,,,261,57,1605035,118.0,-563.6844482421875,-0.5899518728256226,215.74651699999998,0.0003,1109.13916015625,10940,0.2968035638332367,1615036
,,,,,,,,,,,,,,,,,278,57,1606066,121.7,-717.408203125,0.9206287264823914,218.52500138,0.0003,1455.967041015625,10944,0.29531005024909973,1616067
,,,,,,,,,,,,,,,,,279,57,1606173,119.71,-628.3887939453125,-0.2129397839307785,213.55675066,0.0003,877.673583984375,10948,0.29482153058052063,1616174
,,,,,,,,,,,,,,,,,290,58,1606865,122.8,-552.646484375,0.0924403965473175,218.35367910999994,0.0003,2065.4287109375,10952,0.30844956636428833,1616866
,,,,,,,,,,,,,,,,,319,58,1608691,134.71,-733.1822509765625,0.14178615808486938,238.23087758000003,0.0003,1014.3711547851562,10956,0.312218576669693,1618692
,,,,,,,,,,,,,,,,,323,58,1608913,133.16,-582.4210815429688,-0.10419747233390808,233.99362331999998,0.0003,798.4125366210938,10960,0.30926835536956787,1618914
,,,,,,,,,,,,,,,,,330,58,1609313,129.83,-616.3409423828125,-0.34853988885879517,222.47155761000002,0.0003,1522.8077392578125,10964,0.30696341395378113,1619314
,,,,,,,,,,,,,,,,,333,58,1609491,129.84,-561.4229125976562,-0.023024648427963257,223.84617716,0.0003,1338.439697265625,10968,0.30149146914482117,1619492
,,,,,,,,,,,,,,,,,350,58,1610577,126.16,-634.5198974609375,-0.15272404253482819,209.03721879999998,0.0003,3805.8759765625,10972,0.30275124311447144,1620578
,,,,,,,,,,,,,,,,,361,58,1611259,130.62,-644.495361328125,-0.01831900142133236,226.37337072999998,0.0003,928.843017578125,10976,0.30196326971054077,1621260
,,,,,,,,,,,,,,,,,365,58,1611476,123.3,-514.9298706054688,-0.6705358028411865,210.36836655,0.0003,844.8179931640625,10980,0.30486059188842773,1621477
,,,,,,,,,,,,,,,,,367,58,1611639,122.51,-611.4060668945312,-0.2803035378456116,204.21153601999998,0.0003,950.6283569335938,10984,0.2971648573875427,1621640
,,,,,,,,,,,,,,,,,376,58,1612198,126.6,-688.7068481445312,0.5508144497871399,220.35896686,0.0003,1162.662109375,10988,0.2988964319229126,1622199
,,,,,,,,,,,,,,,,,379,58,1612361,126.92,-641.5748291015625,0.6102304458618164,221.88957472999994,0.0003,1173.4989013671875,10992,0.2981809079647064,1622362
,,,,,,,,,,,,,,,,,385,59,1612751,125.71,-665.13134765625,-0.016374975442886353,221.83456670000004,0.0003,1729.4810791015625,10996,0.29751449823379517,1622752
,,,,,,,,,,,,,,,,,392,59,1613203,129.57,-767.90771484375,0.30075934529304504,227.28081743999996,0.0003,1476.854736328125,11000,0.3019367456436157,1623204
,,,,,,,,,,,,,,,,,398,59,1613613,131.72,-653.8802490234375,0.4686680734157562,233.59675901999995,0.0003,1038.6956787109375,11004,0.30738475918769836,1623614
,,,,,,,,,,,,,,,,,403,59,1613908,127.3,-593.3026733398438,-0.00014765560626983643,229.16633942999997,0.0003,625.8092041015625,11008,0.3065071105957031,1623909
,,,,,,,,,,,,,,,,,406,59,1614141,127.48,-624.7188110351562,0.17839665710926056,227.62360852,0.0003,1029.5198974609375,11012,0.30772122740745544,1624142
,,,,,,,,,,,,,,,,,409,59,1614281,110.89,-560.6598510742188,0.2088506817817688,191.77041827999997,0.0003,1727.5201416015625,11016,0.30696386098861694,1624282
,,,,,,,,,,,,,,,,,419,59,1614956,111.99,-539.1756591796875,-0.020750999450683594,187.93667373,0.0003,1016.791748046875,11020,0.3038035035133362,1624957
300.0,0,300.0,573.2661057326437,300.0,475000,758.0936432589161,451.94329460573454,0,300.0,0,0,0,515.8042668530837,3,300.0,584.9525827491715,,,1615000,,-597.9249267578125,-0.06597945094108582,,0.0003,951.1961669921875,,0.30495601892471313,
,,,,,,,,,,,,,,,,,0,83,1615003,110.82,-549.4243774414062,-0.5139210224151611,185.03770311,0.0003,1439.85693359375,11024,0.3050059676170349,1625004
,,,,,,,,,,,,,,,,,6,69,1615418,114.25,-623.7184448242188,-0.15214484930038452,202.34730852999996,0.0003,1655.9580078125,11028,0.2995017468929291,1625419
,,,,,,,,,,,,,,,,,14,68,1615998,113.6,-582.7427978515625,0.18735812604427338,207.04901486999995,0.0003,756.2366943359375,11032,0.3028748035430908,1625999
,,,,,,,,,,,,,,,,,43,64,1617831,130.83,-479.0629577636719,-0.8336025476455688,251.15148889000002,0.0003,970.81787109375,11036,0.2966190576553345,1627832
,,,,,,,,,,,,,,,,,46,64,1617997,129.62,-505.582275390625,-0.4076916575431824,246.75518321000004,0.0003,1139.26904296875,11040,0.2961210012435913,1627998
,,,,,,,,,,,,,,,,,66,63,1619269,132.03,-646.083251953125,0.24869118630886078,242.94137566,0.0003,1204.302490234375,11044,0.3029569685459137,1629270
,,,,,,,,,,,,,,,,,69,63,1619434,132.61,-482.37823486328125,-1.1165354251861572,243.40498116999999,0.0003,1384.4088134765625,11048,0.3033182621002197,1629435
,,,,,,,,,,,,,,,,,93,64,1621023,141.58,-690.2335205078125,0.10570299625396729,252.61843212,0.0003,982.4443359375,11052,0.31638458371162415,1631024
,,,,,,,,,,,,,,,,,99,65,1621466,127.75,-605.56591796875,0.3459624648094177,226.03465717999995,0.0003,1810.104736328125,11056,0.3210720717906952,1631467
,,,,,,,,,,,,,,,,,101,65,1621591,126.78,-648.9098510742188,0.841931939125061,218.44148929,0.0003,1417.010986328125,11060,0.32254886627197266,1631592
,,,,,,,,,,,,,,,,,106,65,1621926,126.13,-741.0135498046875,0.3503356873989105,227.01241453000003,0.0003,1015.583740234375,11064,0.31649574637413025,1631927
,,,,,,,,,,,,,,,,,107,65,1622043,125.52,-641.88427734375,-0.4413093030452728,222.40951287,0.0003,1459.7347412109375,11068,0.3121793568134308,1632044
,,,,,,,,,,,,,,,,,110,65,1622239,116.62,-682.3309936523438,-0.295874685049057,212.64683628999998,0.0003,1217.908447265625,11072,0.3088935613632202,1632240
,,,,,,,,,,,,,,,,,116,65,1622671,114.12,-592.223388671875,-0.2797265648841858,198.95550913,0.0003,1073.6417236328125,11076,0.3066319525241852,1632672
,,,,,,,,,,,,,,,,,121,65,1622985,115.09,-627.642578125,0.23697419464588165,207.88121675,0.0003,1470.6826171875,11080,0.3043505549430847,1632986
,,,,,,,,,,,,,,,,,125,65,1623263,116.24,-827.4591064453125,0.4408285915851593,206.85205867999997,0.0003,1193.0638427734375,11084,0.3091970980167389,1633264
,,,,,,,,,,,,,,,,,132,66,1623738,115.4,-698.1112060546875,-0.14974290132522583,198.04836269999998,0.0003,2375.15625,11088,0.31523916125297546,1633739
,,,,,,,,,,,,,,,,,136,66,1624002,116.41,-798.8202514648438,0.23053985834121704,196.45653382,0.0003,1208.8250732421875,11092,0.31398189067840576,1634003
,,,,,,,,,,,,,,,,,142,66,1624425,116.74,-622.47802734375,-0.858426570892334,198.53312700999996,0.0003,1117.5941162109375,11096,0.315897136926651,1634426
,,,,,,,,,,,,,,,,,147,66,1624796,115.93,-544.7154541015625,-0.2293016016483307,203.81107045000002,0.0003,1159.979248046875,11100,0.3110486567020416,1634797
,,,,,,,,,,,,,,,,,160,66,1625638,120.25,-770.2389526367188,0.43104493618011475,218.59767489999996,0.0003,1413.9267578125,11104,0.31435734033584595,1635639
,,,,,,,,,,,,,,,,,164,66,1625922,120.14,-678.555419921875,0.15102040767669678,216.81474751000002,0.0003,1359.78857421875,11108,0.31038662791252136,1635923
,,,,,,,,,,,,,,,,,167,66,1626121,119.8,-609.8624267578125,-0.33567699790000916,215.50115460999993,0.0003,2959.619873046875,11112,0.3130801022052765,1636122
,,,,,,,,,,,,,,,,,173,66,1626539,122.58,-581.7503051757812,-0.1301117092370987,225.92714121999998,0.0003,1377.021728515625,11116,0.3088447153568268,1636540
,,,,,,,,,,,,,,,,,177,66,1626775,118.19,-774.960205078125,0.614922046661377,214.94400652999997,0.0003,878.9456787109375,11120,0.31409865617752075,1636776
,,,,,,,,,,,,,,,,,180,66,1626993,119.9,-613.4677124023438,-0.730533242225647,219.81373861,0.0003,1352.1053466796875,11124,0.3112187683582306,1636994
,,,,,,,,,,,,,,,,,182,66,1627138,117.2,-578.8134155273438,-0.4305828809738159,205.48060137999997,0.0003,792.5655517578125,11128,0.30484539270401,1637139
,,,,,,,,,,,,,,,,,186,66,1627397,113.99,-566.0338745117188,0.7057995796203613,193.21231532000002,0.0003,2473.77001953125,11132,0.3048068881034851,1637398
,,,,,,,,,,,,,,,,,191,66,1627718,98.87,-736.0997314453125,-0.06118375062942505,153.68730947999995,0.0003,2760.751708984375,11136,0.30782991647720337,1637719
,,,,,,,,,,,,,,,,,194,66,1627976,99.79,-577.4891967773438,0.6912713050842285,154.81707753999999,0.0003,1448.04833984375,11140,0.3155975639820099,1637977
,,,,,,,,,,,,,,,,,226,66,1630161,108.92,-635.5446166992188,-0.2639928460121155,175.81541873999998,0.0003,3886.57470703125,11144,0.31354886293411255,1640162
,,,,,,,,,,,,,,,,,242,66,1631201,117.67,-676.3226928710938,0.02734547108411789,193.06640598,0.0003,1325.568603515625,11148,0.3272430896759033,1641202
,,,,,,,,,,,,,,,,,245,66,1631419,103.96,-695.5669555664062,0.5368955135345459,170.09166982,0.0003,956.380615234375,11152,0.32615843415260315,1641420
,,,,,,,,,,,,,,,,,257,66,1632166,107.0,-598.7158203125,0.16490276157855988,167.46952614000003,0.0003,1072.244384765625,11156,0.32139474153518677,1642167
,,,,,,,,,,,,,,,,,267,66,1632739,111.48,-769.457763671875,-0.3993522524833679,179.59985749000003,0.0003,1318.3037109375,11160,0.3267955183982849,1642740
,,,,,,,,,,,,,,,,,273,66,1633102,111.76,-701.986083984375,-0.06409510225057602,177.92863713000003,0.0003,1076.7071533203125,11164,0.3236702084541321,1643103
,,,,,,,,,,,,,,,,,313,65,1635381,133.38,-564.494384765625,-0.25547119975090027,225.16818674,0.0003,1514.2861328125,11168,0.32626932859420776,1645382
,,,,,,,,,,,,,,,,,319,64,1635723,134.84,-642.995849609375,-0.3489767909049988,222.06711994999998,0.0003,789.5169067382812,11172,0.3192889094352722,1645724
,,,,,,,,,,,,,,,,,323,64,1635991,133.2,-703.4708862304688,-0.02072131633758545,214.10923603,0.0003,1712.520751953125,11176,0.32201826572418213,1645992
,,,,,,,,,,,,,,,,,338,64,1636953,139.68,-634.7308959960938,-0.414725124835968,225.44697632000003,0.0003,1030.3502197265625,11180,0.3144131600856781,1646954
,,,,,,,,,,,,,,,,,362,64,1638493,152.3,-805.3126831054688,0.7675564289093018,249.25028392999997,0.0003,1971.796142578125,11184,0.3221912384033203,1648494
,,,,,,,,,,,,,,,,,382,65,1639887,161.49,-602.2088012695312,-0.33798307180404663,284.42858878000004,0.0003,1055.688720703125,11188,0.32515573501586914,1649888
300.0,0,300.0,548.8276936085203,300.0,500000,721.0302469647883,515.3749488623922,0,300.0,0,0,0,499.7606298123516,3,300.0,182.72045208914628,,,1640000,,-637.6801147460938,0.4416675865650177,,0.0003,1697.695068359375,,0.32658666372299194,
,,,,,,,,,,,,,,,,,12,68,1640884,168.82,-648.7821044921875,0.4014040231704712,307.52404796999997,0.0003,5182.4521484375,11192,0.3172524869441986,1650885
,,,,,,,,,,,,,,,,,33,62,1642069,176.44,-714.0904541015625,-0.44031593203544617,324.09265866,0.0003,1034.7108154296875,11196,0.3239121735095978,1652070
,,,,,,,,,,,,,,,,,42,62,1642659,178.63,-709.3544311523438,-0.0834665298461914,333.2518459,0.0003,1021.3602905273438,11200,0.32488182187080383,1652660
,,,,,,,,,,,,,,,,,46,62,1642941,173.03,-640.6088256835938,-0.23568564653396606,317.38114869,0.0003,1273.66748046875,11204,0.32385194301605225,1652942
,,,,,,,,,,,,,,,,,55,63,1643494,175.72,-751.392822265625,0.1757032573223114,327.34587445,0.0003,1138.04833984375,11208,0.3345280587673187,1653495
,,,,,,,,,,,,,,,,,56,63,1643574,174.53,-682.0242919921875,-0.6835676431655884,323.20743635,0.0003,2172.110107421875,11212,0.33341050148010254,1653575
,,,,,,,,,,,,,,,,,60,63,1643835,172.96,-808.1289672851562,0.27034318447113037,316.47560062,0.0003,1297.778076171875,11216,0.3325228691101074,1653836
,,,,,,,,,,,,,,,,,62,63,1643977,172.02,-583.971435546875,-0.30688923597335815,317.75510641000005,0.0003,1625.686279296875,11220,0.33255940675735474,1653978
,,,,,,,,,,,,,,,,,68,63,1644341,173.48,-753.0592041015625,-0.038811370730400085,318.06471451000004,0.0003,1187.62109375,11224,0.3268949091434479,1654342
,,,,,,,,,,,,,,,,,76,63,1644915,177.77,-687.4577026367188,-0.27589380741119385,326.00286041000004,0.0003,1171.912353515625,11228,0.3305065333843231,1654916
,,,,,,,,,,,,,,,,,90,63,1645712,183.15,-729.4143676757812,0.30648306012153625,345.33398721000003,0.0003,1430.4444580078125,11232,0.32636767625808716,1655713
,,,,,,,,,,,,,,,,,97,62,1646112,183.94,-677.5712280273438,-0.2586783766746521,353.15959661000016,0.0003,1116.3597412109375,11236,0.32519450783729553,1656113
,,,,,,,,,,,,,,,,,100,62,1646273,182.97,-644.0887451171875,-0.3615236282348633,348.89055835000005,0.0003,1291.1168212890625,11240,0.32288452982902527,1656274
,,,,,,,,,,,,,,,,,111,62,1646939,167.78,-673.8446655273438,-0.18574242293834686,317.83425784,0.0003,1144.67578125,11244,0.3183125853538513,1656940
,,,,,,,,,,,,,,,,,113,62,1647029,158.28,-752.2069091796875,0.8040783405303955,301.66573244000006,0.0003,1057.353759765625,11248,0.32123830914497375,1657030
,,,,,,,,,,,,,,,,,114,62,1647129,157.1,-678.3927612304688,-0.013170495629310608,298.1071058300001,0.0003,2158.55126953125,11252,0.3263322710990906,1657130
,,,,,,,,,,,,,,,,,117,62,1647306,151.4,-654.8934326171875,-0.6923150420188904,294.00485779,0.0003,3356.50732421875,11256,0.32302120327949524,1657307
,,,,,,,,,,,,,,,,,121,62,1647567,148.28,-710.3199462890625,-0.056801676750183105,290.24015775,0.0003,977.255126953125,11260,0.3229040205478668,1657568
,,,,,,,,,,,,,,,,,125,62,1647811,147.09,-625.58642578125,-0.2762453854084015,280.78689888,0.0003,1229.4085693359375,11264,0.3249441087245941,1657812
,,,,,,,,,,,,,,,,,130,62,1648090,127.09,-662.1857299804688,-0.4992721378803253,243.98219678000004,0.0003,1012.7520751953125,11268,0.32067960500717163,1658091
,,,,,,,,,,,,,,,,,139,62,1648678,129.55,-720.3447875976562,0.12762966752052307,247.52718245000003,0.0003,2002.30615234375,11272,0.32836511731147766,1658679
,,,,,,,,,,,,,,,,,147,62,1649142,131.51,-692.8760986328125,0.31811320781707764,260.70342523000005,0.0003,1052.123291015625,11276,0.3270195424556732,1659143
,,,,,,,,,,,,,,,,,151,62,1649443,124.9,-608.3660278320312,-0.4134119153022766,242.85219741000003,0.0003,1226.936279296875,11280,0.3275964856147766,1659444
,,,,,,,,,,,,,,,,,158,62,1649860,113.67,-707.4964599609375,0.1552763283252716,226.86448962000003,0.0003,1365.3856201171875,11284,0.3364105522632599,1659861
,,,,,,,,,,,,,,,,,163,62,1650194,103.07,-590.7261352539062,0.06134377419948578,188.04840784,0.0003,1293.5115966796875,11288,0.3362448513507843,1660195
,,,,,,,,,,,,,,,,,169,62,1650545,96.61,-703.4559326171875,0.2513929605484009,176.20203711,0.0003,1442.94287109375,11292,0.3352499306201935,1660546
,,,,,,,,,,,,,,,,,170,62,1650597,85.28,-628.3385009765625,-0.1937992423772812,148.07411535,0.0003,1491.61865234375,11296,0.33534082770347595,1660598
,,,,,,,,,,,,,,,,,177,62,1651106,84.47,-614.5438842773438,-0.7086293697357178,135.46148753,0.0003,902.0074462890625,11300,0.33428317308425903,1661107
,,,,,,,,,,,,,,,,,183,62,1651450,85.09,-686.6131591796875,-7.909536361694336e-05,137.34688477999998,0.0003,937.851318359375,11304,0.3346768915653229,1661451
,,,,,,,,,,,,,,,,,184,62,1651544,80.5,-641.4065551757812,0.11229459941387177,126.02568410999997,0.0003,1118.80126953125,11308,0.33498790860176086,1661545
,,,,,,,,,,,,,,,,,196,62,1652274,87.0,-624.9552001953125,-0.7431623339653015,139.16251585999998,0.0003,1544.874755859375,11312,0.33282819390296936,1662275
,,,,,,,,,,,,,,,,,198,62,1652404,85.69,-739.47119140625,0.9983689785003662,134.83070428000002,0.0003,1673.739990234375,11316,0.33021339774131775,1662405
,,,,,,,,,,,,,,,,,204,62,1652740,87.63,-622.0907592773438,-0.8658078908920288,145.50829526,0.0003,921.5806274414062,11320,0.3354416787624359,1662741
,,,,,,,,,,,,,,,,,221,62,1653787,94.46,-676.934814453125,-0.10243085026741028,169.52062368000003,0.0003,1318.99951171875,11324,0.3222942352294922,1663788
,,,,,,,,,,,,,,,,,224,62,1653977,90.62,-664.3202514648438,0.005292683839797974,160.46057893,0.0003,1328.501220703125,11328,0.3230251967906952,1663978
,,,,,,,,,,,,,,,,,228,62,1654221,85.09,-696.14453125,-0.31444790959358215,140.86826906,0.0003,1349.33935546875,11332,0.32322216033935547,1664222
,,,,,,,,,,,,,,,,,236,62,1654730,86.18,-643.1040649414062,0.1082698255777359,142.83608628,0.0003,1083.9193115234375,11336,0.3222576677799225,1664731
,,,,,,,,,,,,,,,,,237,62,1654782,85.09,-861.7196044921875,0.5587741732597351,141.15026509999998,0.0003,1302.7427978515625,11340,0.32372379302978516,1664783
,,,,,,,,,,,,,,,,,257,62,1656047,91.08,-710.2035522460938,-0.09220211207866669,159.13262736000001,0.0003,1853.989013671875,11344,0.3365859091281891,1666048
,,,,,,,,,,,,,,,,,261,62,1656270,92.41,-598.9190063476562,-1.1438792943954468,163.66502174,0.0003,934.7682495117188,11348,0.33432766795158386,1666271
,,,,,,,,,,,,,,,,,262,62,1656346,92.17,-675.5189208984375,-0.03658333420753479,162.91094341,0.0003,1539.763671875,11352,0.33266088366508484,1666347
,,,,,,,,,,,,,,,,,283,62,1657628,103.22,-629.1229858398438,-0.038348957896232605,187.71150549,0.0003,949.2156372070312,11356,0.3322571814060211,1667629
,,,,,,,,,,,,,,,,,285,62,1657751,101.84,-734.906494140625,-0.6022398471832275,178.84177211999994,0.0003,1142.683349609375,11360,0.3279925286769867,1667752
,,,,,,,,,,,,,,,,,288,62,1657901,100.9,-619.04541015625,-0.4580814242362976,179.14977021999997,0.0003,1313.90380859375,11364,0.3254862427711487,1667902
,,,,,,,,,,,,,,,,,293,62,1658261,101.71,-723.3788452148438,-0.16558638215065002,180.20438643000006,0.0003,2350.3017578125,11368,0.32098788022994995,1668262
,,,,,,,,,,,,,,,,,307,62,1659106,104.28,-698.2098999023438,-0.36419981718063354,199.64212493000002,0.0003,1026.4384765625,11372,0.3291240930557251,1669107
,,,,,,,,,,,,,,,,,313,62,1659456,103.14,-646.64501953125,-0.08776102215051651,195.64357933999997,0.0003,1161.478759765625,11376,0.3335297107696533,1669457
,,,,,,,,,,,,,,,,,315,62,1659572,101.29,-600.1841430664062,-0.08720893412828445,193.76611651000002,0.0003,965.9404296875,11380,0.33921119570732117,1669573
,,,,,,,,,,,,,,,,,327,61,1660290,104.3,-696.08544921875,0.014784961938858032,199.93553211000003,0.0003,1062.5009765625,11384,0.3324316143989563,1670291
,,,,,,,,,,,,,,,,,335,61,1660776,105.82,-681.1263427734375,-0.15048262476921082,207.32029419999995,0.0003,1003.56787109375,11388,0.32560816407203674,1670777
,,,,,,,,,,,,,,,,,339,61,1661031,104.86,-682.3363037109375,-0.5282158851623535,200.05818108,0.0003,1433.16552734375,11392,0.32406407594680786,1671032
,,,,,,,,,,,,,,,,,342,61,1661231,106.34,-652.4646606445312,-0.08825220167636871,203.67687287999996,0.0003,1388.873291015625,11396,0.3262099027633667,1671232
,,,,,,,,,,,,,,,,,355,62,1662067,109.61,-650.609619140625,-0.09456534683704376,204.91080394000005,0.0003,1532.29345703125,11400,0.32937848567962646,1672068
,,,,,,,,,,,,,,,,,367,62,1662835,113.85,-615.5126342773438,0.012731790542602539,210.29571148999995,0.0003,1411.256591796875,11404,0.3360099196434021,1672836
,,,,,,,,,,,,,,,,,372,62,1663151,116.07,-601.218994140625,-0.25523102283477783,214.00468523,0.0003,989.3795166015625,11408,0.33295708894729614,1673152
,,,,,,,,,,,,,,,,,377,62,1663424,111.5,-613.9061279296875,-0.09136810898780823,203.97663274999996,0.0003,1064.1846923828125,11412,0.3362642526626587,1673425
,,,,,,,,,,,,,,,,,381,62,1663719,113.15,-620.5654907226562,0.0065881311893463135,209.47045674,0.0003,1902.078857421875,11416,0.33299776911735535,1673720
,,,,,,,,,,,,,,,,,382,62,1663770,110.3,-793.5400390625,0.7573453783988953,194.83229931000002,0.0003,1032.040283203125,11420,0.33440738916397095,1673771
,,,,,,,,,,,,,,,,,384,62,1663896,101.09,-555.5347290039062,-0.5431473851203918,165.83140743,0.0003,2123.6357421875,11424,0.3379087448120117,1673897
,,,,,,,,,,,,,,,,,390,62,1664266,102.89,-587.8618774414062,0.014565065503120422,167.16964096,0.0003,1258.977783203125,11428,0.32667726278305054,1674267
,,,,,,,,,,,,,,,,,396,62,1664670,104.49,-661.4100341796875,-0.18328788876533508,171.39334221999997,0.0003,839.5255126953125,11432,0.33274078369140625,1674671
300.0,0,300.0,503.0570737985986,300.0,525000,264.15668188830324,623.738669923206,0,300.0,0,0,0,520.7572136665968,3,300.0,356.21771397718294,,,1665000,,-662.7640380859375,-0.11659525334835052,,0.0003,1010.9317626953125,,0.3323066532611847,
,,,,,,,,,,,,,,,,,5,66,1665345,106.15,-675.7030639648438,0.043714962899684906,172.98470829000001,0.0003,21645.6171875,11436,0.3267596960067749,1675346
,,,,,,,,,,,,,,,,,7,66,1665516,107.34,-816.3387451171875,1.1443084478378296,175.66037190000003,0.0003,1321.6065673828125,11440,0.3261238932609558,1675517
,,,,,,,,,,,,,,,,,25,67,1666732,106.85,-565.979736328125,0.16313409805297852,166.54113182,0.0003,883.7470703125,11444,0.3246057331562042,1676733
,,,,,,,,,,,,,,,,,34,67,1667350,110.8,-670.1707153320312,-0.12408609688282013,175.99671368999995,0.0003,2933.13330078125,11448,0.3225826323032379,1677351
,,,,,,,,,,,,,,,,,44,67,1668028,116.82,-766.9154663085938,0.18224969506263733,193.11925308999997,0.0003,1062.1146240234375,11452,0.33005303144454956,1678029
,,,,,,,,,,,,,,,,,46,67,1668164,105.36,-683.9852294921875,-0.06474152207374573,169.02420627000004,0.0003,2863.10302734375,11456,0.3278159499168396,1678165
,,,,,,,,,,,,,,,,,54,67,1668708,109.57,-705.6326904296875,0.027587756514549255,182.78004148,0.0003,6156.98291015625,11460,0.32355090975761414,1678709
,,,,,,,,,,,,,,,,,60,67,1669127,112.26,-693.0076904296875,-0.5437216758728027,187.04070241999997,0.0003,1474.6005859375,11464,0.32046055793762207,1679128
,,,,,,,,,,,,,,,,,74,68,1670112,118.51,-525.1422119140625,-0.4253908395767212,196.67720552,0.0003,1115.630126953125,11468,0.3200731873512268,1680113
,,,,,,,,,,,,,,,,,80,68,1670496,113.9,-662.4232177734375,0.3873054087162018,178.52862001000003,0.0003,1866.512939453125,11472,0.3200684189796448,1680497
,,,,,,,,,,,,,,,,,83,68,1670702,112.46,-637.3872680664062,-0.29498153924942017,173.03386717,0.0003,1212.4752197265625,11476,0.3216590881347656,1680703
,,,,,,,,,,,,,,,,,90,68,1671172,116.0,-685.9560546875,-0.30948606133461,182.54970438999996,0.0003,723.210693359375,11480,0.3214791417121887,1681173
,,,,,,,,,,,,,,,,,94,68,1671482,111.92,-676.9488525390625,0.626284658908844,172.68657585999998,0.0003,1043.931396484375,11484,0.32182541489601135,1681483
,,,,,,,,,,,,,,,,,104,68,1672137,113.61,-629.0673828125,-0.656969428062439,170.45913042,0.0003,3410.572265625,11488,0.322573721408844,1682138
,,,,,,,,,,,,,,,,,111,68,1672651,116.2,-661.9112548828125,0.06784077733755112,185.46857939999998,0.0003,1600.1259765625,11492,0.3204498291015625,1682652
,,,,,,,,,,,,,,,,,121,68,1673343,121.12,-566.5289916992188,-0.5844961404800415,198.96498839,0.0003,1640.746826171875,11496,0.31869402527809143,1683344
,,,,,,,,,,,,,,,,,125,68,1673575,115.08,-586.0222778320312,0.22652363777160645,196.44833038000004,0.0003,2686.66015625,11500,0.3174467980861664,1683576
,,,,,,,,,,,,,,,,,127,68,1673741,109.06,-663.500244140625,0.2648357152938843,182.79268585000003,0.0003,1561.047119140625,11504,0.3168107569217682,1683742
,,,,,,,,,,,,,,,,,133,68,1674130,109.79,-743.7821655273438,-0.06424490362405777,192.0319763,0.0003,2096.5478515625,11508,0.31458306312561035,1684131
,,,,,,,,,,,,,,,,,137,68,1674412,109.88,-669.0518188476562,0.612718403339386,200.46505088,0.0003,884.6583251953125,11512,0.30844956636428833,1684413
,,,,,,,,,,,,,,,,,141,68,1674658,109.39,-545.4354248046875,-0.19943222403526306,202.93680251,0.0003,1211.644775390625,11516,0.31004878878593445,1684659
,,,,,,,,,,,,,,,,,142,68,1674717,109.47,-598.1571655273438,-0.08247017860412598,202.37950958,0.0003,1449.0758056640625,11520,0.30862241983413696,1684718
,,,,,,,,,,,,,,,,,142,68,1674774,108.78,-699.510009765625,0.7276948690414429,202.39087627,0.0003,1357.05908203125,11524,0.30759114027023315,1684775
,,,,,,,,,,,,,,,,,144,68,1674853,105.87,-687.780029296875,-0.7330434918403625,200.15581580999998,0.0003,1568.623291015625,11528,0.3057834208011627,1684854
,,,,,,,,,,,,,,,,,146,68,1675011,103.41,-738.8046875,-0.12681204080581665,196.62980290999997,0.0003,3565.07666015625,11532,0.3055054545402527,1685012
,,,,,,,,,,,,,,,,,152,68,1675421,100.76,-652.391845703125,0.4526370167732239,194.59042667000003,0.0003,907.1239013671875,11536,0.30389243364334106,1685422
,,,,,,,,,,,,,,,,,156,68,1675648,101.32,-669.5595703125,-0.43527355790138245,193.30616613,0.0003,1307.861572265625,11540,0.3065606355667114,1685649
,,,,,,,,,,,,,,,,,162,67,1676053,93.21,-566.06787109375,-0.36047232151031494,192.38627223999995,0.0003,2308.58935546875,11544,0.31167376041412354,1686054
,,,,,,,,,,,,,,,,,171,67,1676631,92.81,-593.6237182617188,0.3018399178981781,192.99605399,0.0003,2317.757568359375,11548,0.3156939148902893,1686632
,,,,,,,,,,,,,,,,,175,67,1676880,88.52,-745.469970703125,1.2692317962646484,183.09218827,0.0003,1772.010009765625,11552,0.3155093789100647,1686881
,,,,,,,,,,,,,,,,,180,67,1677220,90.56,-582.2208862304688,-0.6033678650856018,194.53715451999997,0.0003,2622.623779296875,11556,0.31466755270957947,1687221
,,,,,,,,,,,,,,,,,198,67,1678437,97.29,-620.3643798828125,-0.29067108035087585,207.28616119999998,0.0003,1130.872802734375,11560,0.3275807201862335,1688438
,,,,,,,,,,,,,,,,,221,67,1680018,108.91,-671.3435668945312,-0.6284109950065613,232.08741992999995,0.0003,2625.571044921875,11564,0.310841828584671,1690019
,,,,,,,,,,,,,,,,,229,67,1680532,104.2,-630.9974365234375,0.17540597915649414,230.55249736999994,0.0003,1246.123291015625,11568,0.3130454421043396,1690533
,,,,,,,,,,,,,,,,,234,67,1680808,103.12,-723.70166015625,0.18993844091892242,231.27032726,0.0003,1219.1175537109375,11572,0.31412094831466675,1690809
,,,,,,,,,,,,,,,,,236,67,1680982,102.8,-508.3343505859375,-0.7939789295196533,230.92846035000005,0.0003,1357.1845703125,11576,0.3114149570465088,1690983
,,,,,,,,,,,,,,,,,240,67,1681262,100.9,-676.5534057617188,-0.8617528676986694,225.62435443,0.0003,944.5460205078125,11580,0.3146838843822479,1691263
,,,,,,,,,,,,,,,,,242,67,1681358,98.76,-684.9638061523438,0.06908024847507477,219.17935477999995,0.0003,890.3355102539062,11584,0.3151414692401886,1691359
,,,,,,,,,,,,,,,,,245,67,1681559,94.22,-566.7927856445312,0.25432485342025757,217.75571692999998,0.0003,1386.1605224609375,11588,0.31345582008361816,1691560
,,,,,,,,,,,,,,,,,273,67,1683450,107.99,-758.4960327148438,-0.33373236656188965,231.88932038000002,0.0003,1172.76708984375,11592,0.3135587275028229,1693451
,,,,,,,,,,,,,,,,,277,67,1683692,103.49,-631.4974365234375,-0.15905769169330597,221.27423372,0.0003,1206.1865234375,11596,0.31142306327819824,1693693
,,,,,,,,,,,,,,,,,283,67,1684143,105.68,-618.2722778320312,-0.3712847828865051,221.94480339999998,0.0003,1092.0234375,11600,0.30896204710006714,1694144
,,,,,,,,,,,,,,,,,292,67,1684677,109.36,-656.1864013671875,0.121427983045578,232.08002741,0.0003,1005.4842529296875,11604,0.32030364871025085,1694678
,,,,,,,,,,,,,,,,,301,67,1685231,111.01,-722.88037109375,0.2929491400718689,236.09077560000003,0.0003,1400.8902587890625,11608,0.31077486276626587,1695232
,,,,,,,,,,,,,,,,,302,67,1685294,108.82,-590.47216796875,-0.17529354989528656,224.15350832999997,0.0003,995.5631103515625,11612,0.3101957440376282,1695295
,,,,,,,,,,,,,,,,,307,67,1685651,109.93,-658.8876342773438,0.12160040438175201,219.69754594999998,0.0003,886.3201293945312,11616,0.30903947353363037,1695652
,,,,,,,,,,,,,,,,,311,67,1685871,111.54,-717.3425903320312,0.4690402150154114,224.28116637999995,0.0003,3744.9560546875,11620,0.3064611554145813,1695872
,,,,,,,,,,,,,,,,,313,67,1686023,112.49,-830.7955932617188,-0.12370674312114716,225.14497404999997,0.0003,1088.289306640625,11624,0.3101251423358917,1696024
,,,,,,,,,,,,,,,,,314,67,1686102,112.49,-737.9144897460938,-0.5365882515907288,224.10263718000002,0.0003,2855.363525390625,11628,0.3103104531764984,1696103
,,,,,,,,,,,,,,,,,331,67,1687289,122.78,-640.4983520507812,-0.4423738121986389,245.72106240999997,0.0003,1229.888916015625,11632,0.314442902803421,1697290
,,,,,,,,,,,,,,,,,334,67,1687459,120.38,-743.7930297851562,0.16501645743846893,234.06611677000004,0.0003,1507.2559814453125,11636,0.3122800588607788,1697460
,,,,,,,,,,,,,,,,,347,66,1688244,125.96,-768.1044311523438,0.4416705369949341,257.62830605000005,0.0003,1525.9329833984375,11640,0.3061705529689789,1698245
,,,,,,,,,,,,,,,,,359,66,1689044,129.91,-642.5650024414062,0.05987536907196045,257.73473204000004,0.0003,1342.6119384765625,11644,0.31607717275619507,1699045
300.0,0,300.0,544.2863309748776,300.0,550000,129.44987956938166,515.2091617064192,0,300.0,0,0,0,542.9001693581225,3,300.0,1046.0229250175469,,,1690000,,-689.177001953125,-0.6021668910980225,,0.0003,1971.7158203125,,0.3183719515800476,
,,,,,,,,,,,,,,,,,0,72,1690034,134.03,-656.6238403320312,-0.3447243571281433,265.6176887,0.0003,1871.0181884765625,11648,0.3184995949268341,1700035
,,,,,,,,,,,,,,,,,17,69,1691186,143.06,-751.7914428710938,0.27617305517196655,277.61068488,0.0003,1107.524169921875,11652,0.3187209367752075,1701187
,,,,,,,,,,,,,,,,,20,69,1691448,142.28,-598.9464111328125,0.345535546541214,269.01782898,0.0003,1716.6942138671875,11656,0.31907689571380615,1701449
,,,,,,,,,,,,,,,,,32,69,1692265,138.28,-580.6318969726562,0.39625412225723267,257.44176032,0.0003,969.1984252929688,11660,0.3204044699668884,1702266
,,,,,,,,,,,,,,,,,42,69,1692952,129.34,-575.9446411132812,-0.4417245090007782,244.13630355,0.0003,3118.120361328125,11664,0.3237920105457306,1702953
,,,,,,,,,,,,,,,,,48,69,1693354,128.22,-684.25537109375,-0.6886610984802246,239.22259546,0.0003,2097.28955078125,11668,0.32844698429107666,1703355
,,,,,,,,,,,,,,,,,54,69,1693761,129.53,-661.6036376953125,-0.06328323483467102,244.33772070000003,0.0003,899.8461303710938,11672,0.31683844327926636,1703762
,,,,,,,,,,,,,,,,,60,69,1694186,132.04,-666.1979370117188,-0.15444691479206085,257.91865616,0.0003,1674.41455078125,11676,0.3150961697101593,1704187
,,,,,,,,,,,,,,,,,68,69,1694738,134.76,-511.27484130859375,-0.39277714490890503,260.12784816000004,0.0003,878.879638671875,11680,0.3141462504863739,1704739
,,,,,,,,,,,,,,,,,70,69,1694875,135.17,-626.1648559570312,0.8160712718963623,263.2528229,0.0003,1110.069091796875,11684,0.3180193305015564,1704876
,,,,,,,,,,,,,,,,,74,69,1695119,135.6,-761.4923095703125,0.5066158175468445,259.27128012,0.0003,1153.4097900390625,11688,0.3199962079524994,1705120
,,,,,,,,,,,,,,,,,75,69,1695252,118.02,-603.7291259765625,-0.11592861264944077,226.18307377999997,0.0003,1338.292724609375,11692,0.3218191862106323,1705253
,,,,,,,,,,,,,,,,,85,68,1695921,122.29,-652.2198486328125,-0.5167848467826843,234.64963109999997,0.0003,2406.893798828125,11696,0.31805557012557983,1705922
,,,,,,,,,,,,,,,,,92,68,1696396,122.53,-777.7029418945312,1.828202247619629,248.42328302,0.0003,1907.4859619140625,11700,0.3103994131088257,1706397
,,,,,,,,,,,,,,,,,94,68,1696496,118.19,-621.5186157226562,0.7905008792877197,237.41993043999994,0.0003,1510.150390625,11704,0.31177571415901184,1706497
,,,,,,,,,,,,,,,,,97,68,1696746,115.15,-622.1036987304688,-0.2301241159439087,222.41321059999999,0.0003,2428.9501953125,11708,0.3186383843421936,1706747
,,,,,,,,,,,,,,,,,101,69,1696982,116.88,-560.762451171875,-0.42738744616508484,223.31573818000004,0.0003,1911.5994873046875,11712,0.31974881887435913,1706983
,,,,,,,,,,,,,,,,,103,69,1697157,115.06,-618.423583984375,0.3087915778160095,219.81997502000004,0.0003,1510.105712890625,11716,0.3176274597644806,1707158
,,,,,,,,,,,,,,,,,105,69,1697290,114.19,-600.9672241210938,0.5008619427680969,219.23798518000007,0.0003,1306.762451171875,11720,0.316567599773407,1707291
,,,,,,,,,,,,,,,,,112,69,1697741,117.18,-643.5785522460938,0.38922300934791565,223.26117082999997,0.0003,2927.63232421875,11724,0.31657925248146057,1707742
,,,,,,,,,,,,,,,,,118,69,1698182,120.8,-702.560302734375,0.07884003221988678,239.58712959999997,0.0003,1517.234619140625,11728,0.3144073188304901,1708183
,,,,,,,,,,,,,,,,,121,69,1698360,110.71,-567.5501708984375,-0.08454865217208862,214.17752026999995,0.0003,1518.4979248046875,11732,0.3121357858181,1708361
,,,,,,,,,,,,,,,,,121,69,1698404,109.45,-550.8923950195312,0.38181787729263306,211.54567283999998,0.0003,1348.4765625,11736,0.311278760433197,1708405
,,,,,,,,,,,,,,,,,130,69,1699005,107.61,-648.2015991210938,-0.03175202012062073,198.66710852999998,0.0003,2672.17333984375,11740,0.32357579469680786,1709006
,,,,,,,,,,,,,,,,,135,68,1699350,103.06,-579.8460693359375,0.21155060827732086,195.38705408,0.0003,3090.72705078125,11744,0.3251914381980896,1709351
,,,,,,,,,,,,,,,,,137,68,1699509,94.75,-660.8762817382812,0.650131106376648,173.14025364,0.0003,3199.06396484375,11748,0.32906821370124817,1709510
,,,,,,,,,,,,,,,,,144,69,1700002,88.16,-754.156005859375,0.5804539322853088,166.54945463,0.0003,3280.7646484375,11752,0.32540619373321533,1710003
,,,,,,,,,,,,,,,,,150,69,1700376,89.28,-733.958740234375,0.2783753275871277,165.36600353999998,0.0003,1998.96337890625,11756,0.3317754864692688,1710377
,,,,,,,,,,,,,,,,,162,68,1701191,89.26,-713.5115966796875,0.09811187535524368,159.33925983,0.0003,2345.130615234375,11760,0.3299559950828552,1711192
,,,,,,,,,,,,,,,,,169,68,1701639,86.87,-670.8418579101562,-0.3804868757724762,156.27667459,0.0003,1522.254638671875,11764,0.32414373755455017,1711640
,,,,,,,,,,,,,,,,,170,68,1701733,83.79,-624.42626953125,-0.061562106013298035,142.87851575,0.0003,1472.164794921875,11768,0.3236013352870941,1711734
,,,,,,,,,,,,,,,,,174,68,1702009,82.48,-625.5950317382812,-0.5956631302833557,129.276285,0.0003,1193.9970703125,11772,0.3266986906528473,1712010
,,,,,,,,,,,,,,,,,177,68,1702175,79.89,-691.2406616210938,0.04379032552242279,111.91170835999999,0.0003,1786.8199462890625,11776,0.3256871700286865,1712176
,,,,,,,,,,,,,,,,,178,68,1702303,75.65,-530.7462768554688,-0.4825620949268341,104.37943146000002,0.0003,1094.4892578125,11780,0.3249063789844513,1712304
,,,,,,,,,,,,,,,,,199,68,1703701,88.26,-643.3380737304688,0.29449665546417236,135.26383476000004,0.0003,2058.93212890625,11784,0.3273809254169464,1713702
,,,,,,,,,,,,,,,,,202,68,1703921,88.02,-789.9920654296875,0.6192448735237122,139.45541699,0.0003,1219.7525634765625,11788,0.3259745240211487,1713922
,,,,,,,,,,,,,,,,,204,68,1704027,87.75,-590.4249267578125,-0.17279601097106934,138.46461368,0.0003,1334.5223388671875,11792,0.32679879665374756,1714028
,,,,,,,,,,,,,,,,,212,68,1704599,86.78,-597.1533203125,-0.8005040287971497,143.45810854,0.0003,1177.3017578125,11796,0.31392550468444824,1714600
,,,,,,,,,,,,,,,,,216,68,1704908,85.12,-613.4869995117188,-1.258204460144043,128.90815392,0.0003,1097.9775390625,11800,0.3173444867134094,1714909
,,,,,,,,,,,,,,,,,220,68,1705158,86.62,-746.9185791015625,0.6545198559761047,128.82818887000002,0.0003,1020.6468505859375,11804,0.3169742226600647,1715159
,,,,,,,,,,,,,,,,,234,68,1706089,93.43,-700.1976318359375,0.6932142972946167,147.48544930000003,0.0003,3089.607177734375,11808,0.32500186562538147,1716090
,,,,,,,,,,,,,,,,,239,68,1706422,94.4,-593.8921508789062,-1.19636869430542,151.54459660999999,0.0003,1307.7034912109375,11812,0.3220894932746887,1716423
,,,,,,,,,,,,,,,,,240,68,1706492,93.35,-684.2959594726562,-0.2691863775253296,149.70112346,0.0003,1226.451171875,11816,0.31983068585395813,1716493
,,,,,,,,,,,,,,,,,242,68,1706613,93.23,-529.32470703125,-0.051030248403549194,146.53208915000002,0.0003,1098.9788818359375,11820,0.31803053617477417,1716614
,,,,,,,,,,,,,,,,,244,68,1706761,90.2,-527.5289306640625,-0.13174422085285187,142.48272661,0.0003,1631.519287109375,11824,0.32145625352859497,1716762
,,,,,,,,,,,,,,,,,258,68,1707749,95.67,-656.1138305664062,0.3254646360874176,146.43697786,0.0003,1477.093505859375,11828,0.31659841537475586,1717750
,,,,,,,,,,,,,,,,,262,68,1708004,96.44,-618.058837890625,-0.22015798091888428,150.19859304,0.0003,998.716552734375,11832,0.32044750452041626,1718005
,,,,,,,,,,,,,,,,,263,68,1708057,96.53,-611.4818115234375,-0.3454279899597168,150.37672197999999,0.0003,1217.0079345703125,11836,0.32250016927719116,1718058
,,,,,,,,,,,,,,,,,267,68,1708347,93.42,-607.2025146484375,-0.14378002285957336,142.06774102999998,0.0003,1396.1304931640625,11840,0.3290582299232483,1718348
,,,,,,,,,,,,,,,,,272,68,1708667,93.17,-686.894287109375,-0.46585994958877563,128.08962661999996,0.0003,934.0032958984375,11844,0.32789260149002075,1718668
,,,,,,,,,,,,,,,,,274,68,1708773,92.64,-526.7249145507812,-0.4418686032295227,126.77935554999998,0.0003,1525.8480224609375,11848,0.3280703127384186,1718774
,,,,,,,,,,,,,,,,,285,68,1709490,94.88,-619.3189697265625,0.11684246361255646,127.38162216999999,0.0003,1460.6708984375,11852,0.33025044202804565,1719491
,,,,,,,,,,,,,,,,,289,68,1709766,93.9,-706.2186279296875,0.37648671865463257,125.51454315,0.0003,1954.388671875,11856,0.33225008845329285,1719767
,,,,,,,,,,,,,,,,,296,68,1710203,90.12,-663.090576171875,0.716120183467865,127.32680731999999,0.0003,1157.55859375,11860,0.32213279604911804,1720204
,,,,,,,,,,,,,,,,,333,67,1712597,109.58,-690.387939453125,-0.2532294988632202,158.90515158,0.0003,1547.79541015625,11864,0.3122482895851135,1722598
,,,,,,,,,,,,,,,,,334,67,1712692,109.59,-739.9478149414062,0.4905683994293213,157.43479889,0.0003,2325.6201171875,11868,0.31284427642822266,1722693
,,,,,,,,,,,,,,,,,352,67,1713824,118.15,-757.3294067382812,0.22644004225730896,177.83768757,0.0003,2355.9658203125,11872,0.32029250264167786,1723825
,,,,,,,,,,,,,,,,,364,67,1714562,123.87,-576.5472412109375,0.007818520069122314,191.56864065000002,0.0003,1455.760009765625,11876,0.3213876783847809,1724563
,,,,,,,,,,,,,,,,,369,67,1714871,125.68,-596.784912109375,0.08137772977352142,196.0094259,0.0003,1165.293701171875,11880,0.3163071572780609,1724872
300.0,0,300.0,549.2244872072807,300.0,575000,168.68133060253163,502.4583215726434,0,300.0,0,0,0,566.9260952949386,3,300.0,532.2262083015054,,,1715000,,-561.362060546875,-0.21462443470954895,,0.0003,962.5174560546875,,0.31545954942703247,
,,,,,,,,,,,,,,,,,10,65,1715707,120.06,-685.0826416015625,0.6176813244819641,175.38349270999998,0.0003,726.0540161132812,11884,0.3059675991535187,1725708
,,,,,,,,,,,,,,,,,15,64,1716029,121.08,-492.4805603027344,-0.14205509424209595,170.22555536,0.0003,1010.8088989257812,11888,0.3119121193885803,1726030
,,,,,,,,,,,,,,,,,18,64,1716211,121.84,-723.1377563476562,0.5852001905441284,172.22093926000002,0.0003,1879.38818359375,11892,0.3131747841835022,1726212
,,,,,,,,,,,,,,,,,23,63,1716489,118.9,-583.6473388671875,0.36459705233573914,165.00644285000007,0.0003,3848.01220703125,11896,0.3216184079647064,1726490
,,,,,,,,,,,,,,,,,43,63,1717810,129.02,-685.6036987304688,0.0921090841293335,181.33142626,0.0003,1280.401611328125,11900,0.3217194974422455,1727811
,,,,,,,,,,,,,,,,,45,63,1717912,127.54,-608.1096801757812,-0.1423487514257431,178.81660665999996,0.0003,4546.857421875,11904,0.31844013929367065,1727913
,,,,,,,,,,,,,,,,,64,63,1719109,130.2,-717.4115600585938,0.24704419076442719,185.79886732,0.0003,1345.320068359375,11908,0.3343924582004547,1729110
,,,,,,,,,,,,,,,,,66,63,1719237,128.15,-721.6168212890625,0.3857150971889496,183.96798529000003,0.0003,2736.95166015625,11912,0.33408719301223755,1729238
,,,,,,,,,,,,,,,,,77,63,1719952,134.6,-740.9181518554688,0.036140426993370056,206.41423926000004,0.0003,1097.170166015625,11916,0.3353452980518341,1729953
,,,,,,,,,,,,,,,,,87,63,1720549,139.36,-612.8353271484375,0.20683172345161438,221.64068823000002,0.0003,2778.25830078125,11920,0.3356972336769104,1730550
,,,,,,,,,,,,,,,,,94,62,1720950,141.89,-714.7489013671875,0.004663825035095215,223.05193716000005,0.0003,1516.72802734375,11924,0.3314222991466522,1730951
,,,,,,,,,,,,,,,,,115,62,1722204,144.55,-686.2211303710938,0.2022775262594223,221.2501935,0.0003,1721.51513671875,11928,0.3327043354511261,1732205
,,,,,,,,,,,,,,,,,120,62,1722491,144.87,-643.8909912109375,0.06146669387817383,219.65972783,0.0003,1309.250732421875,11932,0.3297336995601654,1732492
,,,,,,,,,,,,,,,,,151,61,1724393,163.36,-597.0458374023438,0.6744858026504517,261.44798884000005,0.0003,1156.03173828125,11936,0.3113539516925812,1734394
,,,,,,,,,,,,,,,,,160,61,1724926,165.79,-636.1952514648438,0.4101487398147583,270.93370009,0.0003,1851.85009765625,11940,0.31155115365982056,1734927
,,,,,,,,,,,,,,,,,168,61,1725388,167.21,-696.2852172851562,0.2600117325782776,273.66535035,0.0003,1740.4158935546875,11944,0.3207620680332184,1735389
,,,,,,,,,,,,,,,,,170,61,1725535,167.62,-697.71044921875,0.8698036670684814,278.21960939,0.0003,1396.4671630859375,11948,0.32398757338523865,1735536
,,,,,,,,,,,,,,,,,183,61,1726316,168.26,-622.4990844726562,0.33559155464172363,284.47591384,0.0003,781.1396484375,11952,0.3165239095687866,1736317
,,,,,,,,,,,,,,,,,188,61,1726645,168.79,-734.184814453125,-0.08460107445716858,286.94850053,0.0003,941.884765625,11956,0.3187020421028137,1736646
,,,,,,,,,,,,,,,,,191,61,1726831,166.28,-606.44482421875,-0.08187131583690643,276.7226079800001,0.0003,3212.054443359375,11960,0.3149217367172241,1736832
,,,,,,,,,,,,,,,,,193,61,1726934,143.37,-666.6324462890625,0.19271406531333923,230.85890276,0.0003,1786.703125,11964,0.3143681287765503,1736935
,,,,,,,,,,,,,,,,,200,61,1727381,146.89,-631.71533203125,0.052156075835227966,243.48912911,0.0003,939.9090576171875,11968,0.3108629584312439,1737382
,,,,,,,,,,,,,,,,,201,61,1727430,136.06,-753.216796875,0.6116994619369507,220.75823380000003,0.0003,1200.374267578125,11972,0.31256064772605896,1737431
,,,,,,,,,,,,,,,,,206,61,1727798,132.36,-742.737548828125,0.6037272214889526,220.36048060000002,0.0003,1053.457275390625,11976,0.32421496510505676,1737799
,,,,,,,,,,,,,,,,,209,62,1728008,131.37,-613.4108276367188,-0.7107140421867371,217.88314499,0.0003,997.3004760742188,11980,0.3195938467979431,1738009
,,,,,,,,,,,,,,,,,225,62,1729049,133.42,-791.5309448242188,0.6894676685333252,223.24358893000004,0.0003,1594.0224609375,11984,0.3170032501220703,1739050
,,,,,,,,,,,,,,,,,232,62,1729455,134.26,-710.8619384765625,-0.15733377635478973,224.91246082,0.0003,1597.8900146484375,11988,0.31550702452659607,1739456
,,,,,,,,,,,,,,,,,237,62,1729776,135.65,-589.1985473632812,0.3474498391151428,227.65221284,0.0003,1856.859375,11992,0.3173118531703949,1739777
,,,,,,,,,,,,,,,,,239,62,1729869,133.8,-659.8917236328125,0.568544328212738,215.60211030000002,0.0003,3009.463134765625,11996,0.3231081962585449,1739870
,,,,,,,,,,,,,,,,,242,62,1730039,122.29,-659.2562866210938,0.32649949193000793,194.46181742999997,0.0003,1694.43359375,12000,0.3245466351509094,1740040
,,,,,,,,,,,,,,,,,255,62,1730879,129.67,-611.65869140625,-0.8552141189575195,217.44807521,0.0003,1057.701171875,12004,0.33168771862983704,1740880
,,,,,,,,,,,,,,,,,267,62,1731656,125.47,-633.6217041015625,0.11940570920705795,206.48929321,0.0003,1485.6102294921875,12008,0.3148682415485382,1741657
,,,,,,,,,,,,,,,,,285,62,1732715,134.78,-671.3543701171875,0.5993457436561584,230.92930847000002,0.0003,1656.563720703125,12012,0.3104615807533264,1742716
,,,,,,,,,,,,,,,,,291,62,1733076,131.24,-623.2144165039062,-0.7966514229774475,214.43336720000002,0.0003,587.6998291015625,12016,0.3234182596206665,1743077
,,,,,,,,,,,,,,,,,296,62,1733380,128.31,-636.89404296875,-0.2986777424812317,209.60653271000004,0.0003,879.817626953125,12020,0.320801705121994,1743381
,,,,,,,,,,,,,,,,,297,62,1733495,125.45,-696.2791748046875,0.5210264921188354,209.12809087999997,0.0003,1009.98583984375,12024,0.3222695291042328,1743496
,,,,,,,,,,,,,,,,,300,62,1733675,114.71,-716.90185546875,-0.19685472548007965,195.13898462,0.0003,1201.423828125,12028,0.3254762291908264,1743676
,,,,,,,,,,,,,,,,,305,62,1733977,114.86,-681.2432861328125,0.266482949256897,194.18432692000002,0.0003,2114.309326171875,12032,0.32140496373176575,1743978
,,,,,,,,,,,,,,,,,311,62,1734362,99.69,-723.2730712890625,-1.071394681930542,160.72513161,0.0003,731.107177734375,12036,0.3180062174797058,1744363
,,,,,,,,,,,,,,,,,316,62,1734702,97.76,-667.7755126953125,-0.09138497710227966,162.25786769,0.0003,2332.65576171875,12040,0.3172113001346588,1744703
,,,,,,,,,,,,,,,,,319,62,1734891,95.03,-677.0479736328125,0.11042268574237823,163.22422726000002,0.0003,1503.09912109375,12044,0.31689155101776123,1744892
,,,,,,,,,,,,,,,,,335,62,1735926,103.91,-693.1304931640625,-0.21490399539470673,165.47381086000001,0.0003,1224.0357666015625,12048,0.3210156261920929,1745927
,,,,,,,,,,,,,,,,,354,62,1737178,108.62,-606.8810424804688,0.13828186690807343,172.32599903000002,0.0003,1340.63037109375,12052,0.32240280508995056,1747179
,,,,,,,,,,,,,,,,,361,62,1737630,109.85,-660.21923828125,0.08641485869884491,176.20287851,0.0003,1030.2060546875,12056,0.3231198787689209,1747631
,,,,,,,,,,,,,,,,,363,62,1737751,109.2,-709.7468872070312,-0.10552521795034409,174.81226912999998,0.0003,2110.7802734375,12060,0.32738298177719116,1747752
,,,,,,,,,,,,,,,,,365,62,1737881,109.47,-662.68701171875,0.2110660970211029,175.41382651,0.0003,1165.0721435546875,12064,0.3308184742927551,1747882
,,,,,,,,,,,,,,,,,376,62,1738564,111.83,-622.38671875,0.2826976180076599,192.38509077000003,0.0003,1999.147216796875,12068,0.3329761326313019,1748565
,,,,,,,,,,,,,,,,,378,62,1738685,112.55,-510.2112121582031,-0.7497713565826416,194.90401787000002,0.0003,1399.131591796875,12072,0.32863324880599976,1748686
,,,,,,,,,,,,,,,,,382,62,1738920,111.22,-725.5055541992188,-0.3145761489868164,181.79944942999998,0.0003,2172.578857421875,12076,0.32221171259880066,1748921
,,,,,,,,,,,,,,,,,392,62,1739478,114.7,-785.728271484375,0.5209268927574158,190.45947977999995,0.0003,1226.334716796875,12080,0.3219599723815918,1749479
,,,,,,,,,,,,,,,,,398,62,1739840,107.91,-698.696533203125,1.052328109741211,172.52833007,0.0003,2089.57177734375,12084,0.32622024416923523,1749841
300.0,0,300.0,505.6262153757627,300.0,600000,348.2686665118126,513.2048098252411,0,300.0,0,0,0,634.0567444575852,3,300.0,873.4441199600125,,,1740000,,-649.9876098632812,-0.0633990541100502,,0.0003,1547.53759765625,,0.32933536171913147,
